player,position,team,age,birth_year,minutes_90s,passes_completed,passes,passes_pct,passes_total_distance,passes_progressive_distance,passes_completed_short,passes_short,passes_pct_short,passes_completed_medium,passes_medium,passes_pct_medium,passes_completed_long,passes_long,passes_pct_long,assists,xg_assist,pass_xa,xg_assist_net,assisted_shots,passes_into_final_third,passes_into_penalty_area,crosses_into_penalty_area,progressive_passes
Aaron Mooy,MF,Australia,32,1990,4.0,170.0,217.0,78.3,2819.0,951.0,78.0,90.0,86.7,59.0,73.0,80.8,18.0,31.0,58.1,0,0.1,0.1,-0.1,1.0,22.0,1.0,0.0,14.0
Aaron Ramsey,MF,Wales,32,1990,3.0,88.0,112.0,78.6,1796.0,339.0,37.0,41.0,90.2,27.0,35.0,77.1,18.0,23.0,78.3,0,0.0,0.1,0.0,1.0,7.0,1.0,0.0,5.0
Abdelhamid Sabiri,MF,Morocco,26,1996,2.0,45.0,58.0,77.6,690.0,122.0,30.0,33.0,90.9,7.0,13.0,53.8,7.0,10.0,70.0,1,0.9,0.1,0.1,3.0,3.0,0.0,0.0,0.0
Abdelkarim Hassan,DF,Qatar,29,1993,3.0,122.0,161.0,75.8,2462.0,813.0,57.0,63.0,90.5,44.0,51.0,86.3,20.0,37.0,54.1,0,0.0,0.1,0.0,1.0,13.0,1.0,0.0,8.0
Abderrazak Hamdallah,FW,Morocco,32,1990,0.8,8.0,15.0,53.3,64.0,11.0,7.0,9.0,77.8,0.0,4.0,0.0,0.0,0.0,,0,0.0,0.0,0.0,0.0,1.0,0.0,0.0,0.0
Abdessamad Ezzalzouli,FW,Morocco,21,2001,1.0,10.0,13.0,76.9,118.0,38.0,8.0,9.0,88.9,2.0,2.0,100.0,0.0,2.0,0.0,0,0.3,0.4,-0.3,2.0,0.0,0.0,0.0,2.0
Abdou Diallo,DF,Senegal,26,1996,3.7,139.0,186.0,74.7,2852.0,1121.0,42.0,51.0,82.4,71.0,79.0,89.9,22.0,47.0,46.8,0,0.1,0.0,-0.1,1.0,10.0,1.0,1.0,8.0
Abdul Fatawu Issahaku,FW,Ghana,18,2004,0.0,1.0,1.0,100.0,48.0,36.0,0.0,0.0,,0.0,0.0,,1.0,1.0,100.0,0,0.0,0.0,0.0,0.0,0.0,0.0,0.0,0.0
Abdulaziz Hatem,MF,Qatar,32,1990,2.2,72.0,91.0,79.1,973.0,231.0,46.0,53.0,86.8,17.0,22.0,77.3,4.0,6.0,66.7,0,0.0,0.0,0.0,1.0,3.0,0.0,0.0,1.0
Abdulelah Al-Amri,DF,Saudi Arabia,25,1997,2.0,74.0,104.0,71.2,1677.0,951.0,26.0,35.0,74.3,26.0,33.0,78.8,22.0,34.0,64.7,0,0.0,0.0,0.0,0.0,13.0,1.0,0.0,11.0
Abdulellah Al-Malki,MF,Saudi Arabia,28,1994,1.9,66.0,84.0,78.6,1057.0,288.0,30.0,32.0,93.8,31.0,42.0,73.8,4.0,7.0,57.1,0,0.0,0.0,0.0,0.0,3.0,0.0,0.0,3.0
Abdullah Madu,DF,Saudi Arabia,29,1993,0.5,5.0,13.0,38.5,89.0,64.0,2.0,3.0,66.7,2.0,6.0,33.3,1.0,2.0,50.0,0,0.0,0.0,0.0,0.0,0.0,0.0,0.0,1.0
Abdulrahman Al-Aboud,MF,Saudi Arabia,27,1995,0.4,8.0,13.0,61.5,79.0,19.0,5.0,5.0,100.0,2.0,5.0,40.0,0.0,0.0,,0,0.0,0.0,0.0,1.0,0.0,1.0,0.0,1.0
Abolfazl Jalali,DF,IR Iran,24,1998,0.2,20.0,29.0,69.0,311.0,51.0,9.0,9.0,100.0,11.0,14.0,78.6,0.0,4.0,0.0,0,0.0,0.0,0.0,0.0,1.0,0.0,0.0,3.0
Achraf Dari,DF,Morocco,23,1999,2.1,99.0,111.0,89.2,1812.0,752.0,37.0,39.0,94.9,55.0,57.0,96.5,7.0,13.0,53.8,0,0.0,0.0,0.0,0.0,3.0,0.0,0.0,2.0
Achraf Hakimi,DF,Morocco,24,1998,7.0,312.0,382.0,81.7,4121.0,1792.0,207.0,232.0,89.2,63.0,80.0,78.8,19.0,32.0,59.4,1,0.5,0.6,0.5,6.0,14.0,6.0,5.0,10.0
Adrien Rabiot,MF,France,27,1995,5.4,237.0,284.0,83.5,3769.0,838.0,129.0,145.0,89.0,83.0,94.0,88.3,18.0,26.0,69.2,1,0.9,0.5,0.1,3.0,36.0,0.0,0.0,13.0
Agustín Canobbio,MF,Uruguay,24,1998,0.1,5.0,7.0,71.4,66.0,38.0,3.0,4.0,75.0,0.0,1.0,0.0,1.0,1.0,100.0,0,0.0,0.0,0.0,0.0,1.0,0.0,0.0,0.0
Ahmad Nourollahi,MF,IR Iran,29,1993,2.5,35.0,54.0,64.8,519.0,150.0,16.0,21.0,76.2,13.0,21.0,61.9,2.0,6.0,33.3,0,0.0,0.0,0.0,0.0,3.0,0.0,0.0,3.0
Ahmed Alaaeldin,FW,Qatar,29,1993,0.1,0.0,2.0,0.0,0.0,0.0,0.0,0.0,,0.0,0.0,,0.0,1.0,0.0,0,0.0,0.0,0.0,0.0,0.0,0.0,0.0,0.0
Aimen Dahmen,GK,Tunisia,25,1997,3.0,48.0,77.0,62.3,1544.0,1175.0,9.0,9.0,100.0,18.0,18.0,100.0,21.0,50.0,42.0,0,0.0,0.0,0.0,0.0,0.0,0.0,0.0,0.0
Ajdin Hrustic,MF,Australia,26,1996,0.7,17.0,21.0,81.0,263.0,42.0,10.0,11.0,90.9,4.0,5.0,80.0,1.0,3.0,33.3,0,0.0,0.0,0.0,0.0,1.0,0.0,0.0,1.0
Akram Afif,FW,Qatar,26,1996,3.0,139.0,165.0,84.2,2502.0,645.0,45.0,50.0,90.0,60.0,66.0,90.9,21.0,28.0,75.0,0,0.3,0.3,-0.3,5.0,10.0,4.0,1.0,7.0
Alan Franco,MF,Ecuador,24,1998,0.5,10.0,11.0,90.9,114.0,59.0,8.0,8.0,100.0,2.0,2.0,100.0,0.0,0.0,,0,0.0,0.0,0.0,0.0,0.0,0.0,0.0,1.0
Alejandro Balde,DF,Spain,19,2003,1.4,112.0,123.0,91.1,1890.0,293.0,49.0,56.0,87.5,55.0,57.0,96.5,7.0,9.0,77.8,0,0.0,0.2,0.0,0.0,5.0,2.0,0.0,4.0
Aleksandar Mitrovič,FW,Serbia,28,1994,2.9,54.0,69.0,78.3,799.0,106.0,29.0,34.0,85.3,17.0,22.0,77.3,3.0,4.0,75.0,0,0.7,0.1,-0.7,2.0,5.0,1.0,0.0,2.0
Alex Sandro,DF,Brazil,31,1991,2.1,150.0,169.0,88.8,2171.0,680.0,89.0,93.0,95.7,53.0,61.0,86.9,5.0,11.0,45.5,0,0.1,0.2,-0.1,1.0,11.0,2.0,1.0,11.0
Alex Telles,DF,Brazil,30,1992,0.7,33.0,42.0,78.6,507.0,135.0,15.0,17.0,88.2,15.0,18.0,83.3,1.0,5.0,20.0,0,0.0,0.0,0.0,0.0,3.0,0.0,0.0,2.0
Alexander Bah,DF,Denmark,25,1997,0.5,37.0,53.0,69.8,580.0,150.0,15.0,18.0,83.3,19.0,23.0,82.6,1.0,9.0,11.1,0,0.1,0.1,-0.1,1.0,0.0,3.0,1.0,2.0
Alexander Djiku,DF,Ghana,28,1994,1.1,22.0,28.0,78.6,381.0,180.0,7.0,7.0,100.0,12.0,14.0,85.7,2.0,6.0,33.3,0,0.0,0.0,0.0,0.0,1.0,0.0,0.0,1.0
Alexis Mac Allister,MF,Argentina,24,1998,6.1,234.0,265.0,88.3,3265.0,548.0,146.0,161.0,90.7,69.0,76.0,90.8,9.0,13.0,69.2,1,1.0,0.7,0.0,8.0,12.0,6.0,0.0,17.0
Alexis Vega,FW,Mexico,25,1997,2.1,40.0,56.0,71.4,658.0,208.0,23.0,26.0,88.5,12.0,18.0,66.7,4.0,8.0,50.0,0,0.1,0.1,-0.1,1.0,3.0,0.0,0.0,4.0
Ali Abdi,DF,Tunisia,29,1993,2.1,72.0,116.0,62.1,1451.0,630.0,25.0,31.0,80.6,38.0,57.0,66.7,9.0,22.0,40.9,0,0.0,0.1,0.0,1.0,4.0,2.0,0.0,6.0
Ali Al Hassan,MF,Saudi Arabia,25,1997,0.5,4.0,7.0,57.1,56.0,15.0,3.0,4.0,75.0,1.0,2.0,50.0,0.0,0.0,,0,0.0,0.0,0.0,0.0,2.0,0.0,0.0,1.0
Ali Al-Bulaihi,DF,Saudi Arabia,33,1989,2.4,78.0,97.0,80.4,1353.0,379.0,31.0,36.0,86.1,39.0,45.0,86.7,6.0,13.0,46.2,0,0.0,0.0,0.0,0.0,2.0,0.0,0.0,5.0
Ali Assadalla,MF,Qatar,29,1993,0.3,21.0,23.0,91.3,242.0,39.0,14.0,14.0,100.0,5.0,7.0,71.4,0.0,0.0,,0,0.0,0.0,0.0,0.0,0.0,0.0,0.0,0.0
Ali Gholizadeh,MF,IR Iran,26,1996,2.2,46.0,72.0,63.9,637.0,262.0,30.0,39.0,76.9,13.0,20.0,65.0,2.0,9.0,22.2,1,0.2,0.7,0.8,2.0,4.0,4.0,1.0,4.0
Ali Karimi,MF,IR Iran,28,1994,1.1,34.0,45.0,75.6,584.0,149.0,18.0,21.0,85.7,12.0,15.0,80.0,4.0,7.0,57.1,0,0.0,0.0,0.0,0.0,4.0,1.0,0.0,3.0
Ali Maâloul,DF,Tunisia,32,1990,1.0,39.0,63.0,61.9,733.0,412.0,19.0,22.0,86.4,13.0,18.0,72.2,6.0,19.0,31.6,0,0.0,0.1,0.0,0.0,4.0,2.0,1.0,4.0
Alidu Seidu,DF,Ghana,22,2000,1.7,59.0,78.0,75.6,791.0,246.0,43.0,47.0,91.5,12.0,17.0,70.6,2.0,8.0,25.0,0,0.0,0.0,0.0,0.0,3.0,1.0,1.0,1.0
Alireza Beiranvand,GK,IR Iran,30,1992,1.2,20.0,31.0,64.5,604.0,501.0,2.0,2.0,100.0,13.0,13.0,100.0,5.0,16.0,31.3,0,0.0,0.0,0.0,0.0,1.0,0.0,0.0,0.0
Alireza Jahanbakhsh,MF,IR Iran,29,1993,0.7,11.0,17.0,64.7,160.0,54.0,4.0,5.0,80.0,6.0,9.0,66.7,0.0,0.0,,0,0.0,0.0,0.0,0.0,1.0,1.0,0.0,2.0
Alisson,GK,Brazil,30,1992,4.2,80.0,93.0,86.0,1590.0,999.0,31.0,31.0,100.0,39.0,41.0,95.1,10.0,20.0,50.0,0,0.0,0.0,0.0,0.0,1.0,0.0,0.0,0.0
Alistair Johnston,DF,Canada,24,1998,3.0,147.0,186.0,79.0,2408.0,998.0,77.0,86.0,89.5,55.0,67.0,82.1,12.0,25.0,48.0,0,0.2,0.1,-0.2,3.0,9.0,3.0,1.0,10.0
Almoez Ali,FW,Qatar,26,1996,2.5,33.0,45.0,73.3,493.0,32.0,17.0,21.0,81.0,10.0,15.0,66.7,3.0,3.0,100.0,0,0.0,0.0,0.0,0.0,0.0,0.0,0.0,0.0
Alphonso Davies,MF,Canada,22,2000,3.0,82.0,114.0,71.9,1212.0,231.0,46.0,53.0,86.8,32.0,39.0,82.1,2.0,9.0,22.2,0,0.5,0.2,-0.5,6.0,2.0,1.0,0.0,2.0
Amadou Onana,MF,Belgium,21,2001,1.2,58.0,64.0,90.6,998.0,220.0,27.0,28.0,96.4,27.0,29.0,93.1,4.0,6.0,66.7,0,0.0,0.0,0.0,0.0,3.0,0.0,0.0,1.0
Anass Zaroury,FW,Morocco,22,2000,0.3,8.0,13.0,61.5,92.0,10.0,5.0,5.0,100.0,2.0,3.0,66.7,0.0,2.0,0.0,0,0.0,0.0,0.0,0.0,1.0,0.0,0.0,0.0
Andre-Frank Zambo Anguissa,MF,Cameroon,27,1995,2.9,113.0,130.0,86.9,1720.0,560.0,63.0,67.0,94.0,45.0,51.0,88.2,3.0,5.0,60.0,1,0.0,0.1,1.0,0.0,14.0,1.0,0.0,8.0
Andreas Christensen,DF,Denmark,26,1996,3.0,237.0,251.0,94.4,4457.0,1407.0,89.0,93.0,95.7,116.0,119.0,97.5,26.0,32.0,81.3,0,0.0,0.0,0.0,0.0,14.0,0.0,0.0,14.0
Andreas Cornelius,FW,Denmark,29,1993,1.0,21.0,34.0,61.8,206.0,14.0,13.0,16.0,81.3,5.0,13.0,38.5,0.0,0.0,,0,0.1,0.0,-0.1,3.0,0.0,0.0,0.0,1.0
Andreas Skov Olsen,FW,Denmark,23,1999,1.5,43.0,63.0,68.3,652.0,116.0,25.0,28.0,89.3,15.0,20.0,75.0,3.0,4.0,75.0,0,0.0,0.1,0.0,0.0,2.0,1.0,0.0,3.0
Andrej Kramarič,FW,Croatia,31,1991,5.3,153.0,176.0,86.9,2049.0,233.0,104.0,111.0,93.7,35.0,38.0,92.1,7.0,12.0,58.3,0,0.2,0.3,-0.2,4.0,0.0,3.0,1.0,4.0
Andries Noppert,GK,Netherlands,28,1994,5.3,157.0,192.0,81.8,3993.0,2923.0,29.0,29.0,100.0,81.0,81.0,100.0,47.0,81.0,58.0,0,0.0,0.0,0.0,0.0,0.0,0.0,0.0,0.0
Andrija Živkovič,DF,Serbia,26,1996,2.3,71.0,96.0,74.0,1121.0,362.0,31.0,32.0,96.9,31.0,40.0,77.5,5.0,17.0,29.4,2,1.1,0.8,0.9,4.0,6.0,3.0,0.0,6.0
André Ayew,MF,Ghana,33,1989,2.2,30.0,37.0,81.1,411.0,47.0,18.0,22.0,81.8,9.0,11.0,81.8,1.0,1.0,100.0,0,0.0,0.0,0.0,0.0,0.0,0.0,0.0,0.0
André Onana,GK,Cameroon,26,1996,0.9,45.0,59.0,76.3,998.0,623.0,14.0,14.0,100.0,22.0,22.0,100.0,9.0,23.0,39.1,0,0.0,0.0,0.0,0.0,1.0,0.0,0.0,0.0
André Silva,FW,Portugal,27,1995,0.3,9.0,11.0,81.8,148.0,27.0,5.0,7.0,71.4,3.0,3.0,100.0,1.0,1.0,100.0,0,0.1,0.0,-0.1,2.0,1.0,0.0,0.0,1.0
Andrés Guardado,MF,Mexico,36,1986,0.5,11.0,16.0,68.8,190.0,15.0,5.0,5.0,100.0,5.0,7.0,71.4,1.0,3.0,33.3,0,0.0,0.0,0.0,0.0,2.0,0.0,0.0,0.0
Anis Ben Slimane,MF,Tunisia,21,2001,1.6,29.0,46.0,63.0,469.0,134.0,17.0,22.0,77.3,10.0,13.0,76.9,2.0,7.0,28.6,0,0.1,0.1,-0.1,2.0,1.0,0.0,0.0,0.0
Ansu Fati,FW,Spain,20,2002,0.5,25.0,29.0,86.2,298.0,29.0,20.0,22.0,90.9,4.0,4.0,100.0,0.0,0.0,,0,0.0,0.1,0.0,0.0,0.0,0.0,0.0,1.0
Ante Budimir,FW,Croatia,31,1991,0.6,2.0,5.0,40.0,12.0,0.0,1.0,1.0,100.0,0.0,2.0,0.0,0.0,0.0,,0,0.0,0.0,0.0,1.0,0.0,0.0,0.0,0.0
Anthony Contreras,FW,Costa Rica,22,2000,1.4,15.0,26.0,57.7,193.0,13.0,10.0,15.0,66.7,4.0,5.0,80.0,0.0,0.0,,0,0.0,0.0,0.0,1.0,0.0,0.0,0.0,1.0
Antoine Griezmann,MF,France,31,1991,6.0,258.0,329.0,78.4,4905.0,1377.0,123.0,135.0,91.1,89.0,112.0,79.5,42.0,66.0,63.6,3,3.1,3.6,-0.1,21.0,26.0,10.0,5.0,19.0
Antoine Semenyo,FW,Ghana,22,2000,0.2,1.0,2.0,50.0,15.0,0.0,0.0,0.0,,1.0,2.0,50.0,0.0,0.0,,0,0.0,0.0,0.0,0.0,0.0,0.0,0.0,0.0
Antonee Robinson,DF,United States,25,1997,4.0,173.0,241.0,71.8,2891.0,1043.0,88.0,102.0,86.3,69.0,96.0,71.9,13.0,26.0,50.0,0,0.3,0.2,-0.3,3.0,12.0,3.0,0.0,10.0
Antonio Rüdiger,DF,Germany,29,1993,3.0,229.0,252.0,90.9,4005.0,1341.0,84.0,89.0,94.4,132.0,138.0,95.7,10.0,19.0,52.6,0,0.0,0.0,0.0,0.0,14.0,0.0,0.0,17.0
Antony,FW,Brazil,22,2000,1.9,86.0,109.0,78.9,1109.0,224.0,56.0,62.0,90.3,19.0,26.0,73.1,4.0,10.0,40.0,0,0.1,0.2,-0.1,3.0,2.0,2.0,0.0,5.0
António Silva,DF,Portugal,19,2003,1.0,60.0,62.0,96.8,1152.0,310.0,26.0,26.0,100.0,22.0,23.0,95.7,10.0,11.0,90.9,0,0.0,0.0,0.0,0.0,1.0,0.0,0.0,3.0
Ao Tanaka,MF,Japan,24,1998,1.9,48.0,69.0,69.6,846.0,220.0,17.0,26.0,65.4,24.0,31.0,77.4,5.0,10.0,50.0,0,0.1,0.4,-0.1,1.0,2.0,3.0,1.0,6.0
Ardon Jasari,FW,Switzerland,20,2002,0.0,5.0,6.0,83.3,63.0,11.0,3.0,3.0,100.0,2.0,3.0,66.7,0.0,0.0,,0,0.0,0.0,0.0,0.0,0.0,0.0,0.0,0.0
Arkadiusz Milik,FW,Poland,28,1994,1.1,19.0,29.0,65.5,245.0,19.0,8.0,10.0,80.0,9.0,10.0,90.0,0.0,3.0,0.0,0,0.1,0.0,-0.1,1.0,0.0,0.0,0.0,0.0
Artur Jędrzejczyk,DF,Poland,35,1987,0.2,3.0,4.0,75.0,88.0,44.0,1.0,1.0,100.0,1.0,2.0,50.0,1.0,1.0,100.0,0,0.0,0.0,0.0,0.0,1.0,0.0,0.0,0.0
Asiri Haitham,FW,Saudi Arabia,21,2001,0.0,1.0,2.0,50.0,11.0,0.0,1.0,2.0,50.0,0.0,0.0,,0.0,0.0,,0,0.0,0.0,0.0,0.0,0.0,0.0,0.0,0.0
Assim Madibo,MF,Qatar,26,1996,1.7,58.0,70.0,82.9,850.0,334.0,32.0,36.0,88.9,18.0,22.0,81.8,4.0,5.0,80.0,0,0.0,0.0,0.0,1.0,7.0,0.0,0.0,5.0
Atiba Hutchinson,MF,Canada,39,1983,1.8,100.0,112.0,89.3,1399.0,519.0,57.0,63.0,90.5,34.0,35.0,97.1,3.0,4.0,75.0,0,0.0,0.0,0.0,0.0,12.0,0.0,0.0,13.0
Aurélien Tchouaméni,MF,France,22,2000,6.9,426.0,474.0,89.9,7467.0,1889.0,185.0,198.0,93.4,204.0,219.0,93.2,31.0,43.0,72.1,0,1.0,0.4,-1.0,6.0,48.0,3.0,0.0,37.0
Awer Mabil,MF,Australia,27,1995,0.3,10.0,14.0,71.4,143.0,0.0,7.0,9.0,77.8,3.0,3.0,100.0,0.0,1.0,0.0,0,0.0,0.0,0.0,0.0,0.0,0.0,0.0,0.0
Axel Disasi,DF,France,24,1998,1.0,61.0,78.0,78.2,918.0,302.0,30.0,36.0,83.3,24.0,30.0,80.0,2.0,4.0,50.0,0,0.0,0.0,0.0,0.0,2.0,0.0,0.0,5.0
Axel Witsel,MF,Belgium,33,1989,3.0,169.0,177.0,95.5,2851.0,651.0,74.0,76.0,97.4,88.0,92.0,95.7,6.0,7.0,85.7,0,0.0,0.1,0.0,1.0,9.0,1.0,0.0,8.0
Ayase Ueda,FW,Japan,24,1998,0.5,7.0,12.0,58.3,89.0,11.0,5.0,8.0,62.5,2.0,4.0,50.0,0.0,0.0,,0,0.0,0.0,0.0,1.0,1.0,0.0,0.0,1.0
Aymeric Laporte,DF,Spain,28,1994,3.3,413.0,438.0,94.3,7612.0,2489.0,120.0,122.0,98.4,272.0,281.0,96.8,17.0,28.0,60.7,0,0.0,0.1,0.0,1.0,26.0,2.0,0.0,14.0
Aziz Behich,DF,Australia,32,1990,4.0,152.0,203.0,74.9,2271.0,527.0,81.0,91.0,89.0,58.0,70.0,82.9,6.0,27.0,22.2,0,0.0,0.0,0.0,0.0,6.0,2.0,0.0,4.0
Azzedine Ounahi,MF,Morocco,22,2000,6.3,216.0,265.0,81.5,3026.0,786.0,134.0,150.0,89.3,63.0,74.0,85.1,13.0,20.0,65.0,0,0.5,0.4,-0.5,6.0,20.0,6.0,0.0,19.0
Aïssa Laïdouni,MF,Tunisia,26,1996,2.7,99.0,123.0,80.5,1677.0,476.0,50.0,60.0,83.3,42.0,48.0,87.5,7.0,12.0,58.3,1,0.4,0.2,0.6,4.0,16.0,0.0,0.0,8.0
Baba Rahman,DF,Ghana,28,1994,2.0,66.0,100.0,66.0,1097.0,546.0,38.0,48.0,79.2,20.0,27.0,74.1,8.0,18.0,44.4,0,0.3,0.1,-0.3,3.0,7.0,2.0,1.0,12.0
Badr Banoun,DF,Morocco,29,1993,0.6,21.0,22.0,95.5,400.0,110.0,7.0,7.0,100.0,11.0,11.0,100.0,3.0,4.0,75.0,0,0.0,0.0,0.0,0.0,0.0,0.0,0.0,1.0
Bailey Wright,DF,Australia,30,1992,0.2,1.0,3.0,33.3,56.0,33.0,0.0,1.0,0.0,0.0,0.0,,1.0,2.0,50.0,0,0.0,0.0,0.0,0.0,1.0,0.0,0.0,1.0
Bamba Dieng,FW,Senegal,22,2000,1.1,9.0,16.0,56.3,83.0,1.0,8.0,10.0,80.0,1.0,2.0,50.0,0.0,1.0,0.0,0,0.1,0.0,-0.1,2.0,1.0,0.0,0.0,0.0
Bartosz Bereszyński,DF,Poland,30,1992,3.8,122.0,156.0,78.2,1828.0,659.0,64.0,73.0,87.7,44.0,53.0,83.0,8.0,17.0,47.1,0,0.0,0.1,0.0,0.0,2.0,3.0,0.0,5.0
Bassam Al-Rawi,DF,Qatar,25,1997,1.0,47.0,57.0,82.5,1084.0,320.0,11.0,11.0,100.0,28.0,32.0,87.5,8.0,13.0,61.5,0,0.0,0.2,0.0,1.0,6.0,0.0,0.0,6.0
Ben Davies,DF,Wales,29,1993,2.6,122.0,161.0,75.8,2585.0,1096.0,42.0,50.0,84.0,56.0,67.0,83.6,22.0,34.0,64.7,0,0.0,0.0,0.0,0.0,10.0,0.0,0.0,12.0
Benjamin Pavard,DF,France,26,1996,1.0,82.0,90.0,91.1,1249.0,249.0,47.0,48.0,97.9,32.0,35.0,91.4,2.0,6.0,33.3,0,0.0,0.0,0.0,0.0,10.0,0.0,0.0,3.0
Bernardo Silva,MF,Portugal,28,1994,4.0,256.0,292.0,87.7,4147.0,777.0,143.0,153.0,93.5,87.0,92.0,94.6,20.0,30.0,66.7,0,0.4,0.3,-0.4,5.0,16.0,1.0,0.0,12.0
Bilal El Khannous,MF,Morocco,18,2004,0.6,20.0,24.0,83.3,337.0,67.0,8.0,9.0,88.9,5.0,5.0,100.0,3.0,3.0,100.0,0,0.0,0.0,0.0,0.0,1.0,0.0,0.0,2.0
Borna Barišič,DF,Croatia,30,1992,1.3,50.0,69.0,72.5,818.0,290.0,23.0,26.0,88.5,19.0,27.0,70.4,5.0,11.0,45.5,0,0.1,0.2,-0.1,1.0,2.0,4.0,3.0,3.0
Borna Sosa,DF,Croatia,24,1998,4.7,220.0,278.0,79.1,3068.0,1123.0,143.0,154.0,92.9,61.0,83.0,73.5,10.0,23.0,43.5,0,0.4,0.5,-0.4,2.0,11.0,3.0,2.0,9.0
Boualem Khoukhi,DF,Qatar,32,1990,3.0,169.0,197.0,85.8,3293.0,1402.0,59.0,66.0,89.4,82.0,91.0,90.1,25.0,35.0,71.4,0,0.0,0.2,0.0,0.0,2.0,0.0,0.0,4.0
Boulaye Dia,FW,Senegal,26,1996,3.5,39.0,53.0,73.6,471.0,53.0,27.0,33.0,81.8,9.0,10.0,90.0,1.0,1.0,100.0,0,0.0,0.1,0.0,1.0,1.0,2.0,0.0,3.0
Brandon Aguilera,MF,Costa Rica,19,2003,1.0,27.0,38.0,71.1,398.0,134.0,12.0,16.0,75.0,13.0,13.0,100.0,1.0,4.0,25.0,0,0.0,0.0,0.0,0.0,1.0,0.0,0.0,2.0
Breel Embolo,FW,Switzerland,25,1997,3.6,46.0,62.0,74.2,672.0,66.0,22.0,29.0,75.9,19.0,23.0,82.6,2.0,3.0,66.7,0,0.1,0.1,-0.1,2.0,0.0,1.0,0.0,3.0
Brenden Aaronson,MF,United States,22,2000,1.2,41.0,50.0,82.0,566.0,125.0,24.0,27.0,88.9,14.0,15.0,93.3,0.0,2.0,0.0,0,0.2,0.1,-0.2,3.0,3.0,3.0,0.0,5.0
Brennan Johnson,FW,Wales,21,2001,1.0,10.0,17.0,58.8,143.0,60.0,7.0,11.0,63.6,3.0,6.0,50.0,0.0,0.0,,0,0.0,0.1,0.0,0.0,0.0,0.0,0.0,1.0
Bruno Fernandes,FW,Portugal,28,1994,4.0,188.0,233.0,80.7,3623.0,1060.0,101.0,109.0,92.7,49.0,56.0,87.5,34.0,54.0,63.0,3,1.7,1.2,1.3,9.0,17.0,9.0,2.0,23.0
Bruno Guimarães,MF,Brazil,25,1997,0.8,43.0,54.0,79.6,663.0,251.0,23.0,25.0,92.0,13.0,16.0,81.3,5.0,7.0,71.4,0,0.0,0.3,0.0,0.0,3.0,0.0,0.0,4.0
Bruno Petkovič,FW,Croatia,28,1994,2.6,40.0,75.0,53.3,590.0,119.0,22.0,34.0,64.7,10.0,17.0,58.8,4.0,8.0,50.0,0,0.3,0.2,-0.3,4.0,7.0,0.0,0.0,5.0
Bryan Mbeumo,FW,Cameroon,23,1999,2.6,49.0,85.0,57.6,742.0,230.0,36.0,47.0,76.6,10.0,21.0,47.6,3.0,11.0,27.3,0,0.3,0.2,-0.3,5.0,4.0,2.0,0.0,4.0
Bryan Oviedo,DF,Costa Rica,32,1990,2.9,67.0,89.0,75.3,1012.0,339.0,37.0,45.0,82.2,28.0,32.0,87.5,1.0,3.0,33.3,0,0.0,0.0,0.0,0.0,1.0,1.0,0.0,3.0
Bryan Ruiz,MF,Costa Rica,37,1985,0.3,8.0,12.0,66.7,114.0,11.0,5.0,5.0,100.0,3.0,4.0,75.0,0.0,1.0,0.0,0,0.0,0.0,0.0,0.0,0.0,0.0,0.0,0.0
Bukayo Saka,FW,England,21,2001,3.2,84.0,108.0,77.8,1281.0,279.0,46.0,59.0,78.0,31.0,35.0,88.6,4.0,6.0,66.7,0,0.7,0.6,-0.7,5.0,3.0,7.0,2.0,8.0
Callum Wilson,FW,England,30,1992,0.5,9.0,10.0,90.0,121.0,32.0,6.0,6.0,100.0,3.0,4.0,75.0,0.0,0.0,,1,0.9,0.4,0.1,3.0,0.0,3.0,0.0,3.0
Cameron Carter-Vickers,DF,United States,25,1997,1.0,50.0,58.0,86.2,1029.0,356.0,14.0,16.0,87.5,29.0,34.0,85.3,6.0,7.0,85.7,0,0.0,0.0,0.0,0.0,4.0,0.0,0.0,2.0
Carlos Gruezo,MF,Ecuador,27,1995,0.5,15.0,15.0,100.0,311.0,108.0,4.0,4.0,100.0,9.0,9.0,100.0,2.0,2.0,100.0,0,0.0,0.0,0.0,0.0,0.0,0.0,0.0,1.0
Carlos Martínez,DF,Costa Rica,23,1999,0.5,10.0,15.0,66.7,196.0,109.0,5.0,7.0,71.4,3.0,6.0,50.0,2.0,2.0,100.0,0,0.0,0.0,0.0,0.0,0.0,0.0,0.0,0.0
Carlos Soler,MF,Spain,25,1997,1.0,78.0,83.0,94.0,1300.0,278.0,38.0,39.0,97.4,30.0,31.0,96.8,8.0,9.0,88.9,0,0.2,0.1,-0.2,2.0,12.0,1.0,0.0,5.0
Casemiro,MF,Brazil,30,1992,4.3,208.0,251.0,82.9,3591.0,1065.0,90.0,107.0,84.1,95.0,104.0,91.3,17.0,27.0,63.0,0,0.1,0.4,-0.1,4.0,23.0,3.0,1.0,22.0
Celso Borges,MF,Costa Rica,34,1988,2.8,98.0,120.0,81.7,1587.0,676.0,48.0,56.0,85.7,38.0,45.0,84.4,7.0,11.0,63.6,0,0.0,0.0,0.0,1.0,11.0,0.0,0.0,8.0
Charles De Ketelaere,FW,Belgium,21,2001,0.2,3.0,4.0,75.0,33.0,11.0,2.0,3.0,66.7,1.0,1.0,100.0,0.0,0.0,,0,0.0,0.0,0.0,0.0,0.0,0.0,0.0,0.0
Charly Rodríguez,MF,Mexico,25,1997,0.4,21.0,30.0,70.0,436.0,153.0,8.0,10.0,80.0,9.0,13.0,69.2,4.0,5.0,80.0,0,0.0,0.0,0.0,0.0,2.0,0.0,0.0,4.0
Cheikhou Kouyaté,MF,Senegal,33,1989,0.8,19.0,23.0,82.6,269.0,46.0,12.0,14.0,85.7,3.0,3.0,100.0,1.0,2.0,50.0,0,0.0,0.0,0.0,1.0,1.0,0.0,0.0,1.0
Cho Guesung,FW,Korea Republic,24,1998,3.1,40.0,63.0,63.5,603.0,156.0,22.0,33.0,66.7,14.0,21.0,66.7,2.0,4.0,50.0,0,0.0,0.1,0.0,1.0,5.0,2.0,0.0,3.0
Cho Yumin,FW,Korea Republic,26,1996,0.0,0.0,0.0,,0.0,0.0,0.0,0.0,,0.0,0.0,,0.0,0.0,,0,0.0,0.0,0.0,0.0,0.0,0.0,0.0,0.0
Chris Mepham,DF,Wales,25,1997,3.0,141.0,172.0,82.0,2686.0,890.0,44.0,47.0,93.6,85.0,98.0,86.7,10.0,22.0,45.5,0,0.2,0.2,-0.2,2.0,7.0,2.0,0.0,9.0
Christian Bassogog,MF,Cameroon,27,1995,0.3,5.0,9.0,55.6,67.0,3.0,2.0,3.0,66.7,3.0,3.0,100.0,0.0,0.0,,0,0.0,0.0,0.0,0.0,0.0,0.0,0.0,0.0
Christian Eriksen,MF,Denmark,30,1992,3.0,188.0,230.0,81.7,3621.0,1062.0,87.0,96.0,90.6,63.0,68.0,92.6,33.0,55.0,60.0,0,0.4,0.4,-0.4,9.0,20.0,1.0,1.0,16.0
Christian Fassnacht,FW,Switzerland,29,1993,0.1,7.0,10.0,70.0,89.0,17.0,4.0,6.0,66.7,3.0,3.0,100.0,0.0,0.0,,0,0.0,0.0,0.0,0.0,1.0,0.0,0.0,0.0
Christian Nørgaard,MF,Denmark,28,1994,0.1,14.0,15.0,93.3,201.0,58.0,10.0,11.0,90.9,4.0,4.0,100.0,0.0,0.0,,0,0.0,0.0,0.0,0.0,4.0,0.0,0.0,0.0
Christian Pulisic,FW,United States,24,1998,3.5,83.0,141.0,58.9,1442.0,404.0,39.0,49.0,79.6,32.0,47.0,68.1,9.0,32.0,28.1,2,0.9,1.1,1.1,9.0,9.0,4.0,1.0,15.0
Christopher Wooh,DF,Cameroon,21,2001,1.0,25.0,31.0,80.6,522.0,119.0,6.0,7.0,85.7,16.0,16.0,100.0,3.0,8.0,37.5,0,0.0,0.0,0.0,0.0,0.0,0.0,0.0,1.0
Cody Gakpo,FW,Netherlands,23,1999,5.0,93.0,148.0,62.8,1261.0,499.0,56.0,67.0,83.6,20.0,35.0,57.1,7.0,29.0,24.1,0,0.6,0.7,-0.6,10.0,7.0,4.0,2.0,9.0
Collins Fai,DF,Cameroon,30,1992,3.0,99.0,146.0,67.8,1688.0,811.0,53.0,62.0,85.5,34.0,48.0,70.8,9.0,29.0,31.0,0,0.0,0.2,0.0,2.0,14.0,1.0,1.0,6.0
Connor Roberts,DF,Wales,27,1995,2.2,92.0,118.0,78.0,1928.0,686.0,25.0,31.0,80.6,52.0,62.0,83.9,15.0,21.0,71.4,0,0.4,0.2,-0.4,1.0,3.0,2.0,1.0,7.0
Craig Goodwin,MF,Australia,31,1991,2.6,58.0,95.0,61.1,955.0,348.0,29.0,37.0,78.4,17.0,29.0,58.6,8.0,18.0,44.4,1,0.6,0.3,0.4,5.0,6.0,2.0,0.0,5.0
Cristian Romero,DF,Argentina,24,1998,6.1,337.0,375.0,89.9,5417.0,2109.0,175.0,187.0,93.6,137.0,150.0,91.3,21.0,30.0,70.0,0,0.0,0.0,0.0,0.0,12.0,0.0,0.0,11.0
Cristiano Ronaldo,FW,Portugal,37,1985,3.2,68.0,90.0,75.6,789.0,98.0,49.0,55.0,89.1,13.0,21.0,61.9,1.0,1.0,100.0,0,0.1,0.1,-0.1,4.0,3.0,1.0,0.0,4.0
Cyle Larin,FW,Canada,27,1995,1.5,21.0,29.0,72.4,299.0,109.0,11.0,14.0,78.6,8.0,8.0,100.0,1.0,1.0,100.0,0,0.5,0.3,-0.5,2.0,4.0,3.0,2.0,4.0
César Azpilicueta,DF,Spain,33,1989,1.5,171.0,181.0,94.5,2877.0,704.0,71.0,74.0,95.9,86.0,90.0,95.6,11.0,12.0,91.7,1,0.7,0.5,0.3,4.0,13.0,3.0,2.0,8.0
César Montes,DF,Mexico,25,1997,3.0,159.0,197.0,80.7,3324.0,957.0,42.0,48.0,87.5,96.0,107.0,89.7,20.0,36.0,55.6,1,0.5,0.5,0.5,1.0,10.0,0.0,0.0,8.0
Daichi Kamada,FW,Japan,26,1996,3.6,83.0,104.0,79.8,1464.0,313.0,45.0,51.0,88.2,28.0,34.0,82.4,9.0,14.0,64.3,0,0.0,0.2,0.0,1.0,13.0,2.0,0.0,6.0
Daizen Maeda,FW,Japan,25,1997,2.0,8.0,17.0,47.1,121.0,10.0,3.0,9.0,33.3,5.0,8.0,62.5,0.0,0.0,,0,0.0,0.1,0.0,0.0,0.0,0.0,0.0,0.0
Daley Blind,DF,Netherlands,32,1990,4.7,252.0,300.0,84.0,4293.0,1503.0,132.0,153.0,86.3,91.0,102.0,89.2,26.0,40.0,65.0,1,0.5,0.4,0.5,2.0,25.0,4.0,2.0,21.0
Damian Szymański,MF,Poland,27,1995,0.3,8.0,8.0,100.0,165.0,29.0,4.0,4.0,100.0,2.0,2.0,100.0,2.0,2.0,100.0,0,0.0,0.0,0.0,0.0,0.0,0.0,0.0,0.0
Dani Alves,DF,Brazil,39,1983,1.3,83.0,97.0,85.6,1128.0,429.0,55.0,58.0,94.8,20.0,27.0,74.1,4.0,8.0,50.0,0,0.0,0.1,0.0,0.0,7.0,3.0,1.0,5.0
Dani Carvajal,DF,Spain,30,1992,1.5,121.0,135.0,89.6,2017.0,425.0,59.0,59.0,100.0,47.0,56.0,83.9,14.0,14.0,100.0,0,0.0,0.0,0.0,0.0,9.0,0.0,0.0,3.0
Dani Olmo,FW,Spain,24,1998,4.1,162.0,198.0,81.8,2245.0,319.0,100.0,108.0,92.6,52.0,62.0,83.9,4.0,12.0,33.3,1,0.5,0.4,0.5,5.0,6.0,8.0,1.0,9.0
Daniel Amartey,DF,Ghana,28,1994,2.8,128.0,141.0,90.8,2555.0,1088.0,47.0,48.0,97.9,57.0,62.0,91.9,22.0,26.0,84.6,0,0.1,0.0,-0.1,3.0,10.0,0.0,0.0,8.0
Daniel Chacón,MF,Costa Rica,21,2001,0.0,1.0,1.0,100.0,10.0,12.0,1.0,1.0,100.0,0.0,0.0,,0.0,0.0,,0,0.0,0.0,0.0,0.0,0.0,0.0,0.0,0.0
Daniel James,FW,Wales,25,1997,1.7,24.0,36.0,66.7,351.0,70.0,16.0,23.0,69.6,5.0,8.0,62.5,2.0,3.0,66.7,0,0.0,0.0,0.0,1.0,0.0,1.0,1.0,1.0
Daniel Kyereh,MF,Ghana,26,1996,0.4,18.0,23.0,78.3,257.0,43.0,10.0,10.0,100.0,7.0,7.0,100.0,1.0,6.0,16.7,0,0.0,0.0,0.0,0.0,2.0,0.0,0.0,1.0
Danilo,DF,Brazil,31,1991,3.1,230.0,269.0,85.5,3615.0,986.0,120.0,128.0,93.8,100.0,115.0,87.0,7.0,21.0,33.3,0,0.0,0.2,0.0,0.0,21.0,2.0,1.0,16.0
Danilo Pereira,DF,Portugal,31,1991,1.0,68.0,78.0,87.2,1342.0,488.0,25.0,26.0,96.2,35.0,37.0,94.6,8.0,12.0,66.7,0,0.0,0.0,0.0,0.0,4.0,0.0,0.0,3.0
Danny Ward,GK,Wales,29,1993,1.0,24.0,39.0,61.5,923.0,797.0,8.0,8.0,100.0,2.0,2.0,100.0,14.0,29.0,48.3,0,0.0,0.0,0.0,0.0,2.0,0.0,0.0,0.0
Darko Lazovič,DF,Serbia,32,1990,0.3,7.0,12.0,58.3,151.0,19.0,3.0,5.0,60.0,2.0,4.0,50.0,2.0,2.0,100.0,0,0.0,0.0,0.0,0.0,0.0,0.0,0.0,0.0
Darwin Núñez,FW,Uruguay,23,1999,2.7,35.0,56.0,62.5,584.0,77.0,18.0,29.0,62.1,12.0,15.0,80.0,4.0,7.0,57.1,0,0.2,0.1,-0.2,1.0,0.0,1.0,1.0,1.0
David Raum,DF,Germany,24,1998,2.7,153.0,195.0,78.5,2344.0,741.0,85.0,89.0,95.5,41.0,55.0,74.5,15.0,32.0,46.9,1,0.6,0.3,0.4,7.0,9.0,6.0,3.0,13.0
David Wotherspoon,MF,Canada,32,1990,0.2,4.0,7.0,57.1,70.0,3.0,2.0,2.0,100.0,2.0,4.0,50.0,0.0,1.0,0.0,0,0.0,0.0,0.0,0.0,1.0,0.0,0.0,0.0
Davy Klaassen,MF,Netherlands,29,1993,2.1,59.0,77.0,76.6,752.0,156.0,39.0,48.0,81.3,17.0,23.0,73.9,2.0,2.0,100.0,2,0.3,0.1,1.7,4.0,6.0,1.0,0.0,4.0
Dayot Upamecano,DF,France,24,1998,5.3,314.0,351.0,89.5,6831.0,2194.0,83.0,88.0,94.3,172.0,179.0,96.1,55.0,74.0,74.3,0,0.1,0.1,-0.1,2.0,28.0,0.0,0.0,19.0
DeAndre Yedlin,DF,United States,29,1993,0.4,19.0,28.0,67.9,289.0,115.0,7.0,9.0,77.8,9.0,14.0,64.3,1.0,3.0,33.3,0,0.0,0.0,0.0,0.0,1.0,0.0,0.0,0.0
Declan Rice,MF,England,23,1999,4.6,300.0,322.0,93.2,5456.0,1141.0,124.0,125.0,99.2,143.0,155.0,92.3,29.0,34.0,85.3,0,0.0,0.1,0.0,1.0,18.0,2.0,0.0,14.0
Dejan Lovren,DF,Croatia,33,1989,6.7,405.0,460.0,88.0,7863.0,2519.0,137.0,150.0,91.3,219.0,235.0,93.2,44.0,65.0,67.7,1,0.0,0.1,1.0,1.0,14.0,1.0,1.0,16.0
Denis Odoi,DF,Ghana,34,1988,0.1,2.0,2.0,100.0,27.0,16.0,1.0,1.0,100.0,1.0,1.0,100.0,0.0,0.0,,0,0.0,0.0,0.0,0.0,0.0,0.0,0.0,0.0
Denis Zakaria,MF,Switzerland,26,1996,0.7,20.0,23.0,87.0,356.0,83.0,10.0,12.0,83.3,8.0,9.0,88.9,2.0,2.0,100.0,0,0.0,0.0,0.0,0.0,3.0,0.0,0.0,2.0
Denzel Dumfries,DF,Netherlands,26,1996,5.3,149.0,217.0,68.7,2270.0,742.0,83.0,101.0,82.2,59.0,82.0,72.0,5.0,22.0,22.7,2,0.3,0.4,1.7,2.0,7.0,6.0,0.0,15.0
Devis Epassy,GK,Cameroon,29,1993,2.0,57.0,83.0,68.7,2043.0,1646.0,5.0,5.0,100.0,24.0,24.0,100.0,28.0,54.0,51.9,0,0.0,0.0,0.0,0.0,2.0,0.0,0.0,0.0
Diego Godín,DF,Uruguay,36,1986,1.7,87.0,103.0,84.5,1827.0,515.0,26.0,32.0,81.3,47.0,54.0,87.0,13.0,16.0,81.3,0,0.0,0.0,0.0,0.0,7.0,0.0,0.0,3.0
Diogo Costa,GK,Portugal,23,1999,5.0,113.0,160.0,70.6,2890.0,2021.0,20.0,20.0,100.0,64.0,65.0,98.5,29.0,72.0,40.3,0,0.0,0.0,0.0,1.0,3.0,0.0,0.0,0.0
Diogo Dalot,DF,Portugal,23,1999,2.9,112.0,147.0,76.2,2152.0,522.0,52.0,60.0,86.7,40.0,50.0,80.0,17.0,29.0,58.6,2,0.7,0.4,1.3,4.0,7.0,4.0,1.0,7.0
Djibril Sow,MF,Switzerland,25,1997,2.9,84.0,97.0,86.6,1395.0,282.0,36.0,42.0,85.7,40.0,42.0,95.2,7.0,8.0,87.5,1,0.2,0.2,0.8,3.0,5.0,4.0,0.0,9.0
Djorkaeff Reasco,FW,Ecuador,23,1999,0.3,2.0,2.0,100.0,21.0,9.0,2.0,2.0,100.0,0.0,0.0,,0.0,0.0,,0,0.0,0.0,0.0,0.0,1.0,0.0,0.0,0.0
Dominik Livakovič,GK,Croatia,27,1995,7.7,194.0,228.0,85.1,4572.0,3311.0,67.0,67.0,100.0,81.0,81.0,100.0,43.0,76.0,56.6,0,0.0,0.0,0.0,0.0,3.0,0.0,0.0,0.0
Dries Mertens,MF,Belgium,35,1987,0.8,22.0,33.0,66.7,344.0,129.0,16.0,22.0,72.7,2.0,2.0,100.0,4.0,8.0,50.0,0,0.1,0.1,-0.1,3.0,1.0,0.0,0.0,1.0
Dušan Tadič,MF,Serbia,34,1988,2.9,90.0,127.0,70.9,1402.0,501.0,50.0,59.0,84.7,31.0,40.0,77.5,6.0,17.0,35.3,2,0.7,1.1,1.3,10.0,8.0,9.0,2.0,14.0
Dušan Vlahovič,FW,Serbia,22,2000,0.9,6.0,11.0,54.5,105.0,20.0,2.0,6.0,33.3,2.0,2.0,100.0,1.0,2.0,50.0,0,0.0,0.0,0.0,0.0,0.0,0.0,0.0,1.0
Dylan Bronn,DF,Tunisia,27,1995,1.8,75.0,98.0,76.5,1441.0,393.0,20.0,23.0,87.0,47.0,54.0,87.0,8.0,19.0,42.1,0,0.0,0.0,0.0,0.0,4.0,0.0,0.0,5.0
Eden Hazard,MF,Belgium,31,1991,1.4,46.0,58.0,79.3,678.0,180.0,26.0,29.0,89.7,14.0,18.0,77.8,2.0,3.0,66.7,0,0.0,0.1,0.0,1.0,5.0,0.0,0.0,6.0
Ederson,GK,Brazil,29,1993,1.0,28.0,31.0,90.3,728.0,547.0,4.0,4.0,100.0,17.0,19.0,89.5,7.0,8.0,87.5,0,0.0,0.0,0.0,0.0,0.0,0.0,0.0,0.0
Edimilson Fernandes,FW,Switzerland,26,1996,1.6,65.0,82.0,79.3,858.0,255.0,40.0,43.0,93.0,22.0,24.0,91.7,0.0,8.0,0.0,0,0.3,0.0,-0.3,3.0,2.0,0.0,0.0,3.0
Edinson Cavani,FW,Uruguay,35,1987,1.4,27.0,37.0,73.0,401.0,115.0,16.0,20.0,80.0,5.0,9.0,55.6,4.0,4.0,100.0,0,0.7,0.2,-0.7,5.0,2.0,2.0,0.0,3.0
Edouard Mendy,GK,Senegal,30,1992,4.0,88.0,120.0,73.3,2342.0,1501.0,24.0,24.0,100.0,36.0,36.0,100.0,27.0,59.0,45.8,0,0.0,0.0,0.0,1.0,1.0,0.0,0.0,0.0
Edson Álvarez,MF,Mexico,25,1997,1.9,86.0,114.0,75.4,1297.0,375.0,48.0,55.0,87.3,32.0,42.0,76.2,4.0,13.0,30.8,0,0.2,0.4,-0.2,1.0,3.0,1.0,0.0,2.0
Eduardo Camavinga,DF,France,20,2002,1.6,88.0,100.0,88.0,1446.0,421.0,48.0,49.0,98.0,37.0,41.0,90.2,3.0,7.0,42.9,0,0.1,0.1,-0.1,3.0,3.0,2.0,1.0,3.0
Ehsan Hajsafi,MF,IR Iran,32,1990,2.6,61.0,98.0,62.2,1085.0,442.0,25.0,38.0,65.8,26.0,30.0,86.7,6.0,23.0,26.1,0,0.2,0.3,-0.2,2.0,6.0,1.0,0.0,6.0
Ellyes Skhiri,MF,Tunisia,27,1995,3.0,109.0,127.0,85.8,1976.0,841.0,44.0,46.0,95.7,52.0,59.0,88.1,12.0,19.0,63.2,0,0.1,0.1,-0.1,3.0,14.0,2.0,0.0,13.0
Emiliano Martínez,GK,Argentina,30,1992,7.7,120.0,187.0,64.2,2839.0,1877.0,32.0,32.0,100.0,64.0,64.0,100.0,23.0,88.0,26.1,0,0.0,0.0,0.0,0.0,1.0,0.0,0.0,0.0
Enner Valencia,FW,Ecuador,33,1989,2.8,40.0,57.0,70.2,534.0,70.0,25.0,34.0,73.5,14.0,14.0,100.0,0.0,1.0,0.0,0,0.3,0.2,-0.3,3.0,2.0,1.0,1.0,1.0
Enzo Ebosse,DF,Cameroon,23,1999,1.0,34.0,38.0,89.5,780.0,283.0,7.0,7.0,100.0,18.0,20.0,90.0,8.0,9.0,88.9,0,0.0,0.0,0.0,0.0,2.0,0.0,0.0,2.0
Enzo Fernández,MF,Argentina,21,2001,6.3,412.0,471.0,87.5,6634.0,1695.0,208.0,229.0,90.8,159.0,177.0,89.8,32.0,44.0,72.7,1,0.9,0.8,0.1,6.0,43.0,9.0,1.0,24.0
Eray Cömert,DF,Switzerland,24,1998,0.5,38.0,42.0,90.5,719.0,254.0,11.0,13.0,84.6,24.0,25.0,96.0,3.0,4.0,75.0,0,0.0,0.0,0.0,0.0,1.0,0.0,0.0,1.0
Eric Dier,DF,England,28,1994,0.4,40.0,41.0,97.6,744.0,318.0,13.0,13.0,100.0,24.0,24.0,100.0,3.0,4.0,75.0,0,0.0,0.0,0.0,0.0,1.0,0.0,0.0,0.0
Eric Maxim Choupo-Moting,FW,Cameroon,33,1989,2.8,44.0,66.0,66.7,629.0,135.0,32.0,41.0,78.0,8.0,14.0,57.1,2.0,4.0,50.0,0,0.0,0.1,0.0,2.0,5.0,1.0,0.0,5.0
Erick Gutiérrez,MF,Mexico,27,1995,0.5,24.0,29.0,82.8,340.0,56.0,13.0,14.0,92.9,11.0,12.0,91.7,0.0,2.0,0.0,0,0.0,0.0,0.0,0.0,2.0,0.0,0.0,1.0
Ethan Ampadu,MF,Wales,22,2000,2.8,108.0,144.0,75.0,2056.0,679.0,42.0,53.0,79.2,51.0,59.0,86.4,14.0,22.0,63.6,0,0.1,0.1,-0.1,2.0,16.0,1.0,0.0,14.0
Everton Ribeiro,MF,Brazil,33,1989,0.4,15.0,18.0,83.3,210.0,67.0,10.0,12.0,83.3,5.0,5.0,100.0,0.0,1.0,0.0,0,0.1,0.1,-0.1,2.0,2.0,1.0,1.0,2.0
Exequiel Palacios,MF,Argentina,24,1998,0.6,25.0,28.0,89.3,251.0,108.0,16.0,17.0,94.1,4.0,4.0,100.0,0.0,1.0,0.0,0,0.1,0.1,-0.1,1.0,5.0,1.0,0.0,3.0
Fabian Frei,MF,Switzerland,33,1989,0.3,9.0,14.0,64.3,150.0,19.0,4.0,4.0,100.0,5.0,7.0,71.4,0.0,2.0,0.0,0,0.0,0.0,0.0,0.0,0.0,0.0,0.0,0.0
Fabian Rieder,FW,Switzerland,20,2002,0.8,13.0,26.0,50.0,126.0,34.0,11.0,16.0,68.8,2.0,7.0,28.6,0.0,2.0,0.0,0,0.2,0.0,-0.2,1.0,1.0,0.0,0.0,1.0
Fabian Schr,DF,Switzerland,31,1991,1.5,65.0,82.0,79.3,1483.0,444.0,17.0,19.0,89.5,40.0,47.0,85.1,8.0,16.0,50.0,0,0.0,0.0,0.0,0.0,4.0,0.0,0.0,2.0
Fabinho,MF,Brazil,29,1993,1.0,51.0,57.0,89.5,896.0,326.0,25.0,26.0,96.2,19.0,22.0,86.4,7.0,7.0,100.0,0,0.0,0.0,0.0,0.0,4.0,0.0,0.0,6.0
Facundo Pellistri,MF,Uruguay,21,2001,2.0,32.0,46.0,69.6,536.0,103.0,16.0,19.0,84.2,13.0,19.0,68.4,2.0,3.0,66.7,0,0.2,0.2,-0.2,3.0,1.0,1.0,0.0,2.0
Famara Diedhiou,FW,Senegal,30,1992,1.0,10.0,14.0,71.4,145.0,17.0,5.0,8.0,62.5,5.0,5.0,100.0,0.0,0.0,,0,0.0,0.1,0.0,1.0,1.0,1.0,0.0,1.0
Federico Valverde,MF,Uruguay,24,1998,3.0,159.0,189.0,84.1,2866.0,875.0,68.0,73.0,93.2,63.0,73.0,86.3,23.0,34.0,67.6,0,0.4,0.4,-0.4,4.0,21.0,3.0,1.0,17.0
Ferjani Sassi,MF,Tunisia,30,1992,0.5,25.0,34.0,73.5,522.0,135.0,5.0,7.0,71.4,17.0,18.0,94.4,3.0,6.0,50.0,0,0.0,0.0,0.0,0.0,5.0,1.0,0.0,4.0
Ferrán Torres,FW,Spain,22,2000,2.4,59.0,85.0,69.4,878.0,123.0,33.0,38.0,86.8,22.0,29.0,75.9,1.0,5.0,20.0,0,0.2,0.2,-0.2,1.0,1.0,3.0,0.0,6.0
Filip Kostič,DF,Serbia,30,1992,2.0,72.0,113.0,63.7,1170.0,416.0,28.0,34.0,82.4,30.0,46.0,65.2,7.0,19.0,36.8,0,0.0,0.2,0.0,1.0,3.0,2.0,2.0,6.0
Filip Mladenovič,DF,Serbia,31,1991,0.7,20.0,25.0,80.0,279.0,95.0,10.0,10.0,100.0,8.0,11.0,72.7,1.0,2.0,50.0,0,0.0,0.0,0.0,0.0,2.0,0.0,0.0,1.0
Filip Đuričič,MF,Serbia,30,1992,0.2,5.0,6.0,83.3,96.0,23.0,2.0,3.0,66.7,3.0,3.0,100.0,0.0,0.0,,0,0.0,0.0,0.0,1.0,0.0,0.0,0.0,0.0
Firas Al-Buraikan,MF,Saudi Arabia,22,2000,3.0,42.0,63.0,66.7,523.0,111.0,30.0,34.0,88.2,8.0,13.0,61.5,1.0,1.0,100.0,1,0.1,0.1,0.9,1.0,1.0,4.0,0.0,5.0
Fodé Ballo-Touré,DF,Senegal,25,1997,0.1,5.0,8.0,62.5,100.0,3.0,2.0,2.0,100.0,2.0,3.0,66.7,1.0,2.0,50.0,0,0.0,0.0,0.0,0.0,0.0,0.0,0.0,0.0
Fran Karačič,DF,Australia,26,1996,1.0,33.0,54.0,61.1,765.0,350.0,11.0,17.0,64.7,13.0,22.0,59.1,9.0,14.0,64.3,0,0.1,0.1,-0.1,1.0,5.0,3.0,1.0,7.0
Francisco Calvo,DF,Costa Rica,30,1992,2.0,86.0,104.0,82.7,1562.0,601.0,34.0,37.0,91.9,43.0,49.0,87.8,8.0,17.0,47.1,0,0.0,0.0,0.0,0.0,4.0,0.0,0.0,5.0
Fred,MF,Brazil,29,1993,1.6,71.0,83.0,85.5,1108.0,338.0,40.0,45.0,88.9,23.0,29.0,79.3,6.0,6.0,100.0,0,0.2,0.2,-0.2,4.0,6.0,4.0,0.0,11.0
Frenkie de Jong,MF,Netherlands,25,1997,5.3,323.0,364.0,88.7,5030.0,1254.0,178.0,198.0,89.9,121.0,128.0,94.5,19.0,25.0,76.0,1,0.2,0.4,0.8,4.0,23.0,2.0,1.0,17.0
Félix Torres Caicedo,DF,Ecuador,25,1997,3.0,168.0,208.0,80.8,3340.0,1317.0,51.0,58.0,87.9,94.0,103.0,91.3,23.0,42.0,54.8,1,0.4,0.0,0.6,1.0,3.0,0.0,0.0,2.0
Gabriel Jesus,FW,Brazil,25,1997,1.0,22.0,28.0,78.6,297.0,130.0,13.0,14.0,92.9,6.0,7.0,85.7,2.0,2.0,100.0,0,0.2,0.1,-0.2,4.0,3.0,2.0,0.0,5.0
Garang Kuol,FW,Australia,18,2004,0.4,3.0,5.0,60.0,33.0,3.0,3.0,3.0,100.0,0.0,2.0,0.0,0.0,0.0,,0,0.0,0.0,0.0,0.0,0.0,0.0,0.0,0.0
Gareth Bale,FW,Wales,33,1989,2.5,33.0,53.0,62.3,545.0,137.0,12.0,17.0,70.6,13.0,18.0,72.2,3.0,9.0,33.3,0,0.2,0.2,-0.2,2.0,2.0,1.0,1.0,4.0
Gavi,MF,Spain,18,2004,3.2,133.0,154.0,86.4,1966.0,174.0,77.0,81.0,95.1,46.0,49.0,93.9,6.0,11.0,54.5,0,0.1,0.2,-0.1,1.0,6.0,2.0,1.0,4.0
Gaël Ondoua,MF,Cameroon,27,1995,0.5,17.0,19.0,89.5,301.0,103.0,7.0,9.0,77.8,6.0,6.0,100.0,3.0,3.0,100.0,0,0.0,0.0,0.0,0.0,3.0,0.0,0.0,4.0
Georges-Kévin N'Koudou,FW,Cameroon,27,1995,0.3,9.0,12.0,75.0,165.0,28.0,5.0,5.0,100.0,3.0,4.0,75.0,1.0,1.0,100.0,0,0.0,0.0,0.0,0.0,1.0,0.0,0.0,1.0
Germán Pezzella,DF,Argentina,31,1991,0.7,42.0,45.0,93.3,628.0,234.0,22.0,22.0,100.0,20.0,21.0,95.2,0.0,1.0,0.0,0,0.0,0.0,0.0,0.0,1.0,0.0,0.0,1.0
Gerson Torres,MF,Costa Rica,25,1997,0.7,16.0,16.0,100.0,228.0,14.0,8.0,8.0,100.0,8.0,8.0,100.0,0.0,0.0,,0,0.0,0.0,0.0,0.0,0.0,0.0,0.0,0.0
Ghaylène Chaalali,MF,Tunisia,28,1994,0.2,3.0,4.0,75.0,75.0,32.0,0.0,1.0,0.0,3.0,3.0,100.0,0.0,0.0,,0,0.0,0.0,0.0,0.0,1.0,0.0,0.0,1.0
Gideon Mensah,DF,Ghana,24,1998,1.0,36.0,46.0,78.3,586.0,202.0,19.0,21.0,90.5,14.0,17.0,82.4,3.0,7.0,42.9,1,0.3,0.1,0.7,1.0,2.0,1.0,0.0,3.0
Gio Reyna,FW,United States,20,2002,0.6,26.0,38.0,68.4,408.0,58.0,13.0,19.0,68.4,9.0,12.0,75.0,2.0,2.0,100.0,0,0.2,0.2,-0.2,2.0,1.0,1.0,1.0,1.0
Giorgian De Arrascaeta,MF,Uruguay,28,1994,1.2,32.0,52.0,61.5,393.0,149.0,17.0,20.0,85.0,10.0,16.0,62.5,1.0,6.0,16.7,0,0.5,0.6,-0.5,3.0,3.0,3.0,0.0,4.0
Gleison Bremer,DF,Brazil,25,1997,1.2,78.0,84.0,92.9,1445.0,438.0,20.0,22.0,90.9,55.0,57.0,96.5,2.0,3.0,66.7,0,0.0,0.0,0.0,0.0,1.0,0.0,0.0,1.0
Gonzalo Montiel,DF,Argentina,25,1997,1.3,69.0,81.0,85.2,954.0,307.0,39.0,42.0,92.9,26.0,28.0,92.9,1.0,3.0,33.3,0,0.3,0.2,-0.3,3.0,4.0,0.0,0.0,2.0
Gonzalo Plata,MF,Ecuador,22,2000,3.0,77.0,104.0,74.0,1138.0,283.0,48.0,51.0,94.1,21.0,30.0,70.0,5.0,17.0,29.4,0,0.2,0.1,-0.2,2.0,3.0,1.0,0.0,2.0
Gonçalo Ramos,FW,Portugal,21,2001,1.7,25.0,31.0,80.6,315.0,57.0,17.0,20.0,85.0,8.0,9.0,88.9,0.0,0.0,,1,0.4,0.1,0.6,2.0,1.0,2.0,0.0,2.0
Granit Xhaka,MF,Switzerland,30,1992,4.0,215.0,243.0,88.5,3990.0,1079.0,81.0,86.0,94.2,99.0,106.0,93.4,28.0,40.0,70.0,0,0.1,0.2,-0.1,2.0,21.0,3.0,0.0,25.0
Gregor Kobel,GK,Switzerland,25,1997,1.0,21.0,29.0,72.4,478.0,277.0,5.0,5.0,100.0,15.0,15.0,100.0,1.0,9.0,11.1,0,0.0,0.0,0.0,0.0,0.0,0.0,0.0,0.0
Grzegorz Krychowiak,MF,Poland,32,1990,3.7,93.0,127.0,73.2,1385.0,575.0,58.0,65.0,89.2,22.0,31.0,71.0,8.0,20.0,40.0,0,0.2,0.1,-0.2,3.0,8.0,1.0,0.0,7.0
Guido Rodríguez,MF,Argentina,28,1994,0.6,54.0,64.0,84.4,871.0,342.0,30.0,33.0,90.9,19.0,24.0,79.2,4.0,6.0,66.7,0,0.0,0.0,0.0,0.0,2.0,0.0,0.0,1.0
Guillermo Ochoa,GK,Mexico,37,1985,3.0,93.0,109.0,85.3,2274.0,1555.0,19.0,19.0,100.0,53.0,53.0,100.0,21.0,35.0,60.0,0,0.0,0.0,0.0,0.0,1.0,0.0,0.0,0.0
Guillermo Varela,DF,Uruguay,29,1993,2.0,62.0,92.0,67.4,1043.0,465.0,31.0,38.0,81.6,22.0,33.0,66.7,7.0,14.0,50.0,0,0.1,0.0,-0.1,1.0,3.0,2.0,1.0,6.0
Haji Wright,FW,United States,24,1998,1.5,20.0,27.0,74.1,219.0,37.0,13.0,15.0,86.7,3.0,5.0,60.0,1.0,2.0,50.0,0,0.0,0.0,0.0,1.0,2.0,1.0,0.0,2.0
Hakim Ziyech,FW,Morocco,29,1993,7.1,211.0,306.0,69.0,3462.0,987.0,118.0,139.0,84.9,57.0,79.0,72.2,27.0,62.0,43.5,1,0.7,0.5,0.3,7.0,16.0,7.0,0.0,24.0
Hannibal Mejbri,MF,Tunisia,19,2003,0.1,2.0,2.0,100.0,29.0,0.0,1.0,1.0,100.0,1.0,1.0,100.0,0.0,0.0,,0,0.0,0.0,0.0,0.0,0.0,0.0,0.0,0.0
Haris Seferovič,FW,Switzerland,30,1992,0.8,10.0,14.0,71.4,135.0,23.0,7.0,7.0,100.0,3.0,5.0,60.0,0.0,0.0,,0,0.0,0.0,0.0,1.0,0.0,0.0,0.0,1.0
Harry Kane,FW,England,29,1993,4.5,62.0,98.0,63.3,1027.0,390.0,33.0,43.0,76.7,24.0,36.0,66.7,5.0,7.0,71.4,3,1.5,0.7,1.5,5.0,12.0,5.0,1.0,16.0
Harry Maguire,DF,England,29,1993,4.8,354.0,407.0,87.0,7329.0,2340.0,99.0,109.0,90.8,212.0,224.0,94.6,43.0,68.0,63.2,1,0.0,0.1,1.0,1.0,23.0,1.0,0.0,19.0
Harry Souttar,DF,Australia,24,1998,4.0,138.0,167.0,82.6,2588.0,1257.0,54.0,56.0,96.4,64.0,69.0,92.8,14.0,35.0,40.0,0,0.0,0.1,0.0,1.0,9.0,0.0,0.0,5.0
Harry Wilson,MF,Wales,25,1997,1.8,48.0,64.0,75.0,911.0,225.0,23.0,27.0,85.2,17.0,21.0,81.0,8.0,13.0,61.5,0,0.5,0.3,-0.5,3.0,3.0,2.0,1.0,2.0
Hassan Al Tambakti,DF,Saudi Arabia,23,1999,2.0,40.0,55.0,72.7,694.0,326.0,17.0,18.0,94.4,19.0,24.0,79.2,3.0,9.0,33.3,0,0.0,0.0,0.0,0.0,1.0,0.0,0.0,3.0
Hassan Al-Haydos,MF,Qatar,32,1990,2.3,65.0,80.0,81.3,1088.0,282.0,33.0,39.0,84.6,24.0,25.0,96.0,7.0,12.0,58.3,0,0.6,0.5,-0.6,2.0,5.0,2.0,2.0,6.0
Hattan Bahebri,MF,Saudi Arabia,30,1992,0.0,4.0,7.0,57.1,31.0,7.0,2.0,3.0,66.7,0.0,2.0,0.0,0.0,0.0,,1,0.6,0.0,0.4,1.0,0.0,0.0,0.0,0.0
Henry Martín,FW,Mexico,30,1992,1.6,13.0,20.0,65.0,152.0,14.0,9.0,12.0,75.0,4.0,6.0,66.7,0.0,0.0,,0,0.2,0.2,-0.2,5.0,0.0,0.0,0.0,0.0
Hernán Galíndez,GK,Ecuador,35,1987,3.0,44.0,74.0,59.5,1275.0,996.0,11.0,11.0,100.0,16.0,16.0,100.0,16.0,46.0,34.8,0,0.0,0.0,0.0,0.0,0.0,0.0,0.0,0.0
Hidemasa Morita,MF,Japan,27,1995,3.2,129.0,157.0,82.2,2180.0,695.0,68.0,79.0,86.1,47.0,58.0,81.0,12.0,16.0,75.0,0,0.1,0.1,-0.1,2.0,14.0,2.0,1.0,11.0
Hiroki Ito,DF,Japan,23,1999,0.5,58.0,63.0,92.1,1007.0,257.0,28.0,28.0,100.0,25.0,27.0,92.6,5.0,8.0,62.5,0,0.0,0.0,0.0,1.0,8.0,0.0,0.0,5.0
Hiroki Sakai,MF,Japan,32,1990,1.3,28.0,47.0,59.6,540.0,288.0,9.0,11.0,81.8,14.0,21.0,66.7,4.0,9.0,44.4,0,0.1,0.1,-0.1,1.0,4.0,1.0,0.0,6.0
Hirving Lozano,FW,Mexico,27,1995,2.8,42.0,77.0,54.5,641.0,258.0,21.0,28.0,75.0,14.0,22.0,63.6,4.0,15.0,26.7,0,1.0,0.9,-1.0,8.0,1.0,8.0,3.0,7.0
Homam Ahmed,DF,Qatar,23,1999,2.9,77.0,105.0,73.3,1196.0,182.0,45.0,52.0,86.5,24.0,31.0,77.4,5.0,10.0,50.0,0,0.0,0.0,0.0,2.0,1.0,0.0,0.0,2.0
Hong Chul,DF,Korea Republic,32,1990,0.5,17.0,20.0,85.0,324.0,102.0,8.0,8.0,100.0,5.0,5.0,100.0,3.0,6.0,50.0,0,0.1,0.0,-0.1,1.0,2.0,0.0,0.0,3.0
Hossein Hosseini,GK,IR Iran,30,1992,1.8,23.0,47.0,48.9,811.0,676.0,0.0,0.0,,9.0,9.0,100.0,14.0,36.0,38.9,0,0.0,0.0,0.0,0.0,0.0,0.0,0.0,0.0
Hossein Kanaanizadegan,DF,IR Iran,28,1994,0.5,8.0,11.0,72.7,213.0,121.0,2.0,3.0,66.7,2.0,2.0,100.0,4.0,6.0,66.7,0,0.0,0.0,0.0,0.0,0.0,0.0,0.0,0.0
Hugo Lloris,GK,France,36,1986,6.3,110.0,182.0,60.4,3608.0,2916.0,19.0,19.0,100.0,45.0,47.0,95.7,46.0,115.0,40.0,0,0.0,0.0,0.0,0.0,2.0,0.0,0.0,0.0
Hwang Hee-chan,MF,Korea Republic,26,1996,1.3,45.0,59.0,76.3,595.0,127.0,33.0,35.0,94.3,11.0,16.0,68.8,1.0,2.0,50.0,0,0.0,0.1,0.0,1.0,0.0,1.0,0.0,1.0
Hwang In-beom,MF,Korea Republic,26,1996,3.7,194.0,247.0,78.5,3456.0,1020.0,89.0,106.0,84.0,76.0,89.0,85.4,22.0,41.0,53.7,0,0.1,0.2,-0.1,3.0,33.0,5.0,1.0,21.0
Hwang Ui-jo,FW,Korea Republic,30,1992,1.2,9.0,11.0,81.8,120.0,19.0,4.0,6.0,66.7,4.0,4.0,100.0,0.0,0.0,,0,0.0,0.0,0.0,0.0,0.0,0.0,0.0,0.0
Héctor Herrera,MF,Mexico,32,1990,1.8,64.0,78.0,82.1,1104.0,198.0,28.0,33.0,84.8,29.0,32.0,90.6,4.0,7.0,57.1,0,0.1,0.2,-0.1,1.0,3.0,1.0,1.0,3.0
Héctor Moreno,DF,Mexico,34,1988,3.0,165.0,195.0,84.6,2986.0,1087.0,68.0,76.0,89.5,80.0,92.0,87.0,16.0,25.0,64.0,0,0.0,0.0,0.0,1.0,20.0,0.0,0.0,13.0
Ibrahima Konaté,DF,France,23,1999,3.3,216.0,236.0,91.5,4342.0,1538.0,71.0,76.0,93.4,119.0,125.0,95.2,26.0,34.0,76.5,0,0.4,0.3,-0.4,2.0,22.0,1.0,0.0,15.0
Idrissa Gana Gueye,MF,Senegal,33,1989,3.0,107.0,133.0,80.5,1524.0,274.0,58.0,63.0,92.1,38.0,42.0,90.5,5.0,16.0,31.3,0,0.1,0.2,-0.1,1.0,7.0,0.0,0.0,4.0
Ilias Chair,MF,Morocco,25,1997,0.5,13.0,15.0,86.7,188.0,54.0,8.0,8.0,100.0,4.0,5.0,80.0,1.0,2.0,50.0,0,0.0,0.0,0.0,0.0,1.0,0.0,0.0,0.0
Iliman Ndiaye,FW,Senegal,22,2000,1.5,25.0,32.0,78.1,290.0,43.0,16.0,19.0,84.2,7.0,10.0,70.0,0.0,1.0,0.0,1,0.2,0.2,0.8,1.0,0.0,0.0,0.0,1.0
Ismail Jakobs,DF,Senegal,23,1999,3.1,107.0,156.0,68.6,1695.0,708.0,54.0,63.0,85.7,46.0,62.0,74.2,6.0,26.0,23.1,1,0.3,0.5,0.7,5.0,8.0,4.0,3.0,6.0
Ismail Mohamad,FW,Qatar,32,1990,1.9,,,,,,,,,,,,,,,1,,,,,,,,
Ismaila Sarr,FW,Senegal,24,1998,3.8,52.0,81.0,64.2,659.0,205.0,32.0,36.0,88.9,11.0,25.0,44.0,4.0,6.0,66.7,0,0.4,0.5,-0.4,6.0,3.0,6.0,2.0,6.0
Ismaël Koné,MF,Canada,20,2002,1.2,96.0,101.0,95.0,1893.0,327.0,34.0,35.0,97.1,48.0,49.0,98.0,12.0,13.0,92.3,0,0.1,0.0,-0.1,1.0,12.0,0.0,0.0,4.0
Issam Jebali,FW,Tunisia,31,1991,2.0,25.0,35.0,71.4,338.0,59.0,16.0,18.0,88.9,7.0,10.0,70.0,1.0,2.0,50.0,0,0.2,0.2,-0.2,2.0,0.0,1.0,1.0,0.0
Ivan Ilič,MF,Serbia,21,2001,0.4,19.0,20.0,95.0,236.0,45.0,11.0,11.0,100.0,7.0,8.0,87.5,0.0,0.0,,0,0.0,0.0,0.0,1.0,3.0,0.0,0.0,0.0
Ivan Perišič,FW,Croatia,33,1989,7.4,202.0,292.0,69.2,3127.0,666.0,118.0,141.0,83.7,58.0,91.0,63.7,17.0,36.0,47.2,3,0.9,0.6,2.1,9.0,11.0,9.0,3.0,15.0
Iñaki Williams,FW,Ghana,28,1994,3.0,29.0,42.0,69.0,355.0,65.0,18.0,24.0,75.0,7.0,9.0,77.8,1.0,1.0,100.0,0,0.2,0.0,-0.2,2.0,0.0,0.0,0.0,1.0
Jack Grealish,FW,England,27,1995,1.0,48.0,54.0,88.9,612.0,103.0,32.0,33.0,97.0,12.0,14.0,85.7,1.0,1.0,100.0,0,0.1,0.2,-0.1,2.0,2.0,4.0,0.0,5.0
Jackson Irvine,MF,Australia,29,1993,3.9,103.0,128.0,80.5,1569.0,426.0,56.0,63.0,88.9,42.0,48.0,87.5,2.0,5.0,40.0,0,0.0,0.1,0.0,1.0,2.0,3.0,0.0,11.0
Jackson Porozo,DF,Ecuador,22,2000,1.1,39.0,44.0,88.6,623.0,181.0,17.0,19.0,89.5,16.0,17.0,94.1,5.0,7.0,71.4,0,0.0,0.0,0.0,0.0,1.0,0.0,0.0,0.0
Jakub Kamiński,MF,Poland,20,2002,2.6,37.0,61.0,60.7,487.0,167.0,24.0,32.0,75.0,11.0,21.0,52.4,0.0,0.0,,0,0.2,0.4,-0.2,2.0,1.0,2.0,2.0,1.0
Jakub Kiwior,DF,Poland,22,2000,3.9,174.0,205.0,84.9,3687.0,1249.0,54.0,56.0,96.4,92.0,98.0,93.9,26.0,48.0,54.2,0,0.0,0.0,0.0,0.0,10.0,0.0,0.0,3.0
Jamal Musiala,MF,Germany,19,2003,2.9,85.0,105.0,81.0,1130.0,288.0,49.0,58.0,84.5,27.0,31.0,87.1,3.0,3.0,100.0,1,0.9,0.8,0.1,8.0,2.0,7.0,1.0,9.0
Jamie Maclaren,FW,Australia,29,1993,0.6,7.0,15.0,46.7,62.0,4.0,2.0,6.0,33.3,2.0,5.0,40.0,0.0,1.0,0.0,0,0.0,0.0,0.0,1.0,0.0,0.0,0.0,0.0
Jan Bednarek,DF,Poland,26,1996,0.1,6.0,6.0,100.0,102.0,53.0,2.0,2.0,100.0,4.0,4.0,100.0,0.0,0.0,,0,0.0,0.0,0.0,0.0,1.0,0.0,0.0,0.0
Jan Vertonghen,DF,Belgium,35,1987,3.0,238.0,269.0,88.5,4600.0,1560.0,67.0,72.0,93.1,158.0,167.0,94.6,13.0,25.0,52.0,0,0.0,0.0,0.0,0.0,6.0,0.0,0.0,8.0
Jason Cummings,FW,Australia,27,1995,0.4,4.0,6.0,66.7,85.0,19.0,2.0,4.0,50.0,1.0,1.0,100.0,1.0,1.0,100.0,0,0.0,0.0,0.0,0.0,1.0,0.0,0.0,1.0
Jawad El Yamiq,DF,Morocco,30,1992,3.4,146.0,164.0,89.0,2260.0,940.0,79.0,87.0,90.8,61.0,64.0,95.3,6.0,12.0,50.0,0,0.0,0.0,0.0,0.0,2.0,0.0,0.0,2.0
Jean-Charles Castelletto,DF,Cameroon,27,1995,2.0,66.0,82.0,80.5,1208.0,459.0,34.0,38.0,89.5,23.0,28.0,82.1,9.0,16.0,56.3,1,0.3,0.2,0.7,1.0,6.0,1.0,0.0,6.0
Jeong Woo-yeong,MF,Korea Republic,23,1999,0.5,12.0,15.0,80.0,181.0,31.0,6.0,7.0,85.7,4.0,4.0,100.0,1.0,2.0,50.0,0,0.0,0.0,0.0,0.0,0.0,1.0,0.0,1.0
Jeremy Doku,MF,Belgium,20,2002,0.2,8.0,14.0,57.1,116.0,6.0,5.0,7.0,71.4,3.0,4.0,75.0,0.0,0.0,,0,0.0,0.0,0.0,0.0,0.0,1.0,0.0,1.0
Jeremy Sarmiento,MF,Ecuador,20,2002,0.9,23.0,37.0,62.2,304.0,40.0,14.0,17.0,82.4,6.0,9.0,66.7,1.0,6.0,16.7,0,0.1,0.0,-0.1,2.0,1.0,1.0,1.0,0.0
Jerome Ngom Mbekeli,MF,Cameroon,24,1998,0.1,1.0,2.0,50.0,34.0,28.0,0.0,0.0,,0.0,1.0,0.0,1.0,1.0,100.0,0,0.1,0.1,-0.1,1.0,0.0,1.0,1.0,0.0
Jesper Lindstrøm,MF,Denmark,22,2000,2.2,36.0,52.0,69.2,427.0,99.0,26.0,34.0,76.5,8.0,11.0,72.7,0.0,2.0,0.0,0,0.0,0.0,0.0,0.0,1.0,2.0,0.0,3.0
Jesús Ferreira,FW,United States,22,2000,0.5,16.0,19.0,84.2,203.0,12.0,11.0,11.0,100.0,5.0,6.0,83.3,0.0,0.0,,0,0.0,0.0,0.0,0.0,0.0,0.0,0.0,0.0
Jesús Gallardo,DF,Mexico,28,1994,3.0,93.0,134.0,69.4,1518.0,416.0,52.0,64.0,81.3,34.0,45.0,75.6,6.0,17.0,35.3,0,0.0,0.1,0.0,1.0,9.0,2.0,1.0,4.0
Jewison Bennette,MF,Costa Rica,18,2004,1.1,11.0,14.0,78.6,179.0,41.0,6.0,6.0,100.0,4.0,5.0,80.0,1.0,1.0,100.0,0,0.0,0.0,0.0,0.0,0.0,1.0,1.0,0.0
Jhegson Méndez,MF,Ecuador,25,1997,2.0,128.0,140.0,91.4,2200.0,625.0,60.0,63.0,95.2,55.0,56.0,98.2,11.0,15.0,73.3,0,0.1,0.1,-0.1,2.0,6.0,0.0,0.0,6.0
Joachim Andersen,DF,Denmark,26,1996,3.0,198.0,250.0,79.2,4353.0,1456.0,50.0,65.0,76.9,115.0,125.0,92.0,29.0,51.0,56.9,1,0.2,0.1,0.8,1.0,30.0,1.0,0.0,16.0
Joakim Mæhle,DF,Denmark,25,1997,2.8,119.0,146.0,81.5,1631.0,428.0,76.0,82.0,92.7,35.0,41.0,85.4,4.0,12.0,33.3,0,0.0,0.1,0.0,1.0,6.0,3.0,0.0,7.0
Joe Allen,MF,Wales,32,1990,1.0,30.0,36.0,83.3,465.0,78.0,16.0,18.0,88.9,13.0,16.0,81.3,1.0,1.0,100.0,0,0.1,0.0,-0.1,1.0,2.0,0.0,0.0,1.0
Joe Morrell,MF,Wales,25,1997,0.4,12.0,14.0,85.7,214.0,32.0,6.0,7.0,85.7,5.0,6.0,83.3,1.0,1.0,100.0,0,0.0,0.0,0.0,0.0,1.0,0.0,0.0,1.0
Joe Rodon,DF,Wales,25,1997,3.0,152.0,169.0,89.9,3064.0,1019.0,40.0,42.0,95.2,93.0,101.0,92.1,19.0,26.0,73.1,0,0.0,0.0,0.0,0.0,1.0,0.0,0.0,1.0
Joel Campbell,FW,Costa Rica,30,1992,3.0,104.0,138.0,75.4,1748.0,363.0,52.0,61.0,85.2,39.0,44.0,88.6,9.0,19.0,47.4,0,0.1,0.1,-0.1,1.0,3.0,4.0,1.0,10.0
Johan Venegas,FW,Costa Rica,34,1988,0.8,11.0,14.0,78.6,143.0,13.0,10.0,11.0,90.9,1.0,2.0,50.0,0.0,0.0,,0,0.0,0.0,0.0,0.0,0.0,0.0,0.0,0.0
John Stones,DF,England,28,1994,4.8,435.0,454.0,95.8,8447.0,2913.0,152.0,156.0,97.4,231.0,235.0,98.3,48.0,58.0,82.8,0,0.1,0.1,-0.1,1.0,20.0,0.0,0.0,22.0
Jonas Hofmann,FW,Germany,30,1992,0.3,16.0,20.0,80.0,186.0,44.0,9.0,10.0,90.0,3.0,3.0,100.0,1.0,1.0,100.0,0,0.1,0.0,-0.1,1.0,2.0,0.0,0.0,1.0
Jonathan David,FW,Canada,22,2000,2.1,41.0,60.0,68.3,599.0,139.0,27.0,33.0,81.8,9.0,12.0,75.0,4.0,8.0,50.0,0,0.0,0.0,0.0,0.0,6.0,0.0,0.0,3.0
Jonathan Osorio,MF,Canada,30,1992,1.3,52.0,57.0,91.2,836.0,163.0,24.0,27.0,88.9,21.0,22.0,95.5,4.0,4.0,100.0,0,0.0,0.0,0.0,0.0,5.0,0.0,0.0,1.0
Jordan Ayew,FW,Ghana,31,1991,1.5,35.0,46.0,76.1,521.0,104.0,19.0,19.0,100.0,11.0,16.0,68.8,2.0,6.0,33.3,1,0.5,0.4,0.5,3.0,0.0,1.0,1.0,2.0
Jordan Henderson,MF,England,32,1990,3.0,137.0,163.0,84.0,2244.0,493.0,75.0,81.0,92.6,52.0,61.0,85.2,8.0,15.0,53.3,0,0.3,1.4,-0.3,4.0,11.0,3.0,0.0,13.0
Jordan Morris,FW,United States,28,1994,0.0,1.0,4.0,25.0,11.0,0.0,1.0,2.0,50.0,0.0,0.0,,0.0,0.0,,0,0.0,0.0,0.0,0.0,0.0,0.0,0.0,0.0
Jordan Pickford,GK,England,28,1994,5.0,126.0,160.0,78.8,3259.0,2161.0,39.0,39.0,100.0,59.0,59.0,100.0,28.0,60.0,46.7,0,0.0,0.0,0.0,0.0,2.0,0.0,0.0,0.0
Jordan Veretout,MF,France,29,1993,0.7,33.0,36.0,91.7,609.0,139.0,13.0,15.0,86.7,16.0,16.0,100.0,4.0,4.0,100.0,0,0.0,0.0,0.0,0.0,3.0,0.0,0.0,1.0
Jordi Alba,DF,Spain,33,1989,2.9,328.0,372.0,88.2,5403.0,1384.0,160.0,174.0,92.0,144.0,157.0,91.7,20.0,28.0,71.4,2,0.9,0.7,1.1,5.0,33.0,7.0,2.0,23.0
Jorge Eduardo Sánchez,DF,Mexico,25,1997,1.9,69.0,87.0,79.3,1119.0,484.0,36.0,39.0,92.3,27.0,37.0,73.0,6.0,8.0,75.0,0,0.0,0.0,0.0,0.0,4.0,1.0,0.0,9.0
Josh Sargent,FW,United States,22,2000,1.7,29.0,33.0,87.9,321.0,35.0,18.0,19.0,94.7,7.0,7.0,100.0,0.0,1.0,0.0,0,0.1,0.1,-0.1,1.0,1.0,1.0,0.0,1.0
Joshua Kimmich,MF,Germany,27,1995,3.0,226.0,267.0,84.6,4179.0,1228.0,104.0,110.0,94.5,87.0,94.0,92.6,29.0,50.0,58.0,0,1.1,1.5,-1.1,9.0,26.0,9.0,2.0,22.0
Josip Juranovič,DF,Croatia,27,1995,6.7,318.0,405.0,78.5,4928.0,1748.0,183.0,195.0,93.8,101.0,133.0,75.9,24.0,47.0,51.1,1,0.3,0.3,0.7,7.0,24.0,6.0,4.0,21.0
Josip Stanišič,DF,Croatia,22,2000,1.0,36.0,49.0,73.5,611.0,129.0,20.0,24.0,83.3,13.0,15.0,86.7,3.0,5.0,60.0,0,0.0,0.0,0.0,0.0,0.0,0.0,0.0,1.0
Josip Å utalo,DF,Croatia,22,2000,1.0,62.0,66.0,93.9,1178.0,314.0,22.0,23.0,95.7,34.0,36.0,94.4,5.0,6.0,83.3,0,0.0,0.0,0.0,0.0,1.0,0.0,0.0,2.0
José Cifuentes,MF,Ecuador,23,1999,0.7,33.0,44.0,75.0,447.0,115.0,22.0,24.0,91.7,10.0,13.0,76.9,0.0,3.0,0.0,0,0.0,0.0,0.0,0.0,2.0,0.0,0.0,1.0
José María Giménez,DF,Uruguay,27,1995,3.0,141.0,174.0,81.0,2792.0,1084.0,50.0,59.0,84.7,71.0,81.0,87.7,17.0,29.0,58.6,0,0.0,0.3,0.0,0.0,11.0,2.0,0.0,10.0
João Cancelo,DF,Portugal,28,1994,3.4,221.0,271.0,81.5,3800.0,864.0,123.0,138.0,89.1,72.0,87.0,82.8,24.0,35.0,68.6,0,0.0,0.2,0.0,0.0,10.0,6.0,5.0,12.0
João Félix,FW,Portugal,23,1999,3.7,91.0,122.0,74.6,1335.0,254.0,55.0,69.0,79.7,30.0,37.0,81.1,5.0,9.0,55.6,2,0.4,0.2,1.6,3.0,7.0,3.0,0.0,7.0
João Mário,FW,Portugal,29,1993,0.9,37.0,40.0,92.5,516.0,92.0,22.0,23.0,95.7,9.0,10.0,90.0,3.0,3.0,100.0,0,0.0,0.0,0.0,0.0,1.0,0.0,0.0,2.0
João Palhinha,MF,Portugal,27,1995,0.4,26.0,31.0,83.9,442.0,125.0,11.0,11.0,100.0,11.0,13.0,84.6,3.0,6.0,50.0,0,0.1,0.0,-0.1,2.0,1.0,0.0,0.0,1.0
Joško Gvardiol,DF,Croatia,20,2002,7.7,464.0,519.0,89.4,8363.0,3112.0,195.0,204.0,95.6,224.0,244.0,91.8,39.0,58.0,67.2,0,0.0,0.3,0.0,1.0,26.0,1.0,0.0,17.0
Juan Foyth,DF,Argentina,24,1998,0.1,3.0,4.0,75.0,31.0,13.0,3.0,3.0,100.0,0.0,1.0,0.0,0.0,0.0,,0,0.0,0.0,0.0,0.0,0.0,0.0,0.0,0.0
Juan Pablo Vargas,DF,Costa Rica,27,1995,1.0,19.0,24.0,79.2,368.0,223.0,9.0,10.0,90.0,8.0,9.0,88.9,2.0,5.0,40.0,0,0.0,0.0,0.0,0.0,0.0,0.0,0.0,0.0
Jude Bellingham,MF,England,19,2003,4.6,235.0,265.0,88.7,3972.0,726.0,111.0,121.0,91.7,101.0,109.0,92.7,20.0,24.0,83.3,1,0.3,0.5,0.7,4.0,18.0,4.0,0.0,14.0
Jules Koundé,DF,France,24,1998,5.3,252.0,311.0,81.0,4123.0,1291.0,128.0,137.0,93.4,99.0,122.0,81.1,21.0,28.0,75.0,0,0.1,0.1,-0.1,1.0,25.0,0.0,0.0,6.0
Julián Álvarez,FW,Argentina,22,2000,5.2,93.0,121.0,76.9,1159.0,132.0,62.0,73.0,84.9,17.0,24.0,70.8,5.0,6.0,83.3,0,0.1,0.7,-0.1,2.0,2.0,2.0,1.0,3.0
Jung Woo-young,MF,Korea Republic,33,1989,3.4,178.0,211.0,84.4,3599.0,1019.0,67.0,75.0,89.3,78.0,88.0,88.6,31.0,42.0,73.8,0,0.1,0.1,-0.1,2.0,25.0,2.0,0.0,14.0
Junior Hoilett,FW,Canada,32,1990,1.8,43.0,59.0,72.9,743.0,324.0,23.0,26.0,88.5,10.0,14.0,71.4,7.0,13.0,53.8,0,0.4,0.4,-0.4,4.0,3.0,6.0,3.0,6.0
Junya Ito,MF,Japan,29,1993,3.6,59.0,97.0,60.8,752.0,288.0,40.0,52.0,76.9,16.0,22.0,72.7,1.0,12.0,8.3,1,0.2,0.1,0.8,5.0,2.0,2.0,1.0,5.0
Jurriën Timber,DF,Netherlands,21,2001,4.3,283.0,313.0,90.4,4444.0,1337.0,144.0,151.0,95.4,116.0,126.0,92.1,18.0,29.0,62.1,0,0.0,0.1,0.0,0.0,32.0,0.0,0.0,15.0
Kai Havertz,FW,Germany,23,1999,1.1,27.0,34.0,79.4,388.0,89.0,12.0,14.0,85.7,10.0,10.0,100.0,2.0,2.0,100.0,0,0.2,0.5,-0.2,2.0,2.0,3.0,1.0,4.0
Kalidou Koulibaly,DF,Senegal,31,1991,4.0,156.0,205.0,76.1,3196.0,1327.0,49.0,52.0,94.2,80.0,88.0,90.9,23.0,55.0,41.8,0,0.0,0.0,0.0,1.0,12.0,0.0,0.0,9.0
Kalvin Phillips,MF,England,27,1995,0.5,17.0,19.0,89.5,363.0,97.0,4.0,4.0,100.0,9.0,10.0,90.0,3.0,3.0,100.0,1,0.1,0.0,0.9,1.0,2.0,0.0,0.0,1.0
Kamal Miller,DF,Canada,25,1997,3.0,186.0,205.0,90.7,3184.0,1385.0,83.0,86.0,96.5,84.0,89.0,94.4,15.0,23.0,65.2,0,0.0,0.0,0.0,0.0,21.0,0.0,0.0,10.0
Kamaldeen Sulemana,FW,Ghana,20,2002,0.6,10.0,19.0,52.6,124.0,31.0,8.0,10.0,80.0,2.0,4.0,50.0,0.0,1.0,0.0,0,0.0,0.0,0.0,0.0,0.0,1.0,0.0,1.0
Kamil Glik,DF,Poland,34,1988,4.0,118.0,130.0,90.8,2363.0,657.0,29.0,29.0,100.0,76.0,81.0,93.8,12.0,19.0,63.2,0,0.0,0.0,0.0,0.0,2.0,0.0,0.0,1.0
Kamil Grosicki,MF,Poland,34,1988,0.0,4.0,6.0,66.7,61.0,30.0,3.0,3.0,100.0,0.0,1.0,0.0,1.0,1.0,100.0,0,0.1,0.1,-0.1,1.0,0.0,1.0,1.0,0.0
Kaoru Mitoma,MF,Japan,25,1997,1.8,50.0,70.0,71.4,723.0,150.0,31.0,39.0,79.5,13.0,18.0,72.2,4.0,8.0,50.0,1,1.2,0.4,-0.2,3.0,1.0,2.0,0.0,3.0
Karim Ansarifard,FW,IR Iran,32,1990,0.4,4.0,5.0,80.0,48.0,10.0,2.0,3.0,66.7,1.0,1.0,100.0,0.0,0.0,,0,0.1,0.0,-0.1,1.0,0.0,0.0,0.0,0.0
Karim Boudiaf,MF,Qatar,32,1990,2.1,94.0,106.0,88.7,1555.0,406.0,43.0,49.0,87.8,37.0,42.0,88.1,10.0,11.0,90.9,0,0.0,0.0,0.0,0.0,9.0,0.0,0.0,5.0
Karl Toko Ekambi,FW,Cameroon,30,1992,1.8,43.0,53.0,81.1,784.0,115.0,23.0,27.0,85.2,13.0,13.0,100.0,7.0,10.0,70.0,0,0.3,0.4,-0.3,3.0,3.0,0.0,0.0,0.0
Karol ÅŚwiderski,FW,Poland,25,1997,0.5,7.0,7.0,100.0,113.0,6.0,3.0,3.0,100.0,3.0,3.0,100.0,1.0,1.0,100.0,0,0.0,0.0,0.0,0.0,0.0,0.0,0.0,0.0
Kasper Dolberg,FW,Denmark,25,1997,1.3,15.0,18.0,83.3,186.0,38.0,8.0,11.0,72.7,6.0,6.0,100.0,0.0,0.0,,0,0.1,0.0,-0.1,1.0,0.0,2.0,1.0,2.0
Kasper Schmeichel,GK,Denmark,36,1986,3.0,72.0,87.0,82.8,1830.0,1388.0,16.0,16.0,100.0,36.0,36.0,100.0,20.0,35.0,57.1,0,0.0,0.0,0.0,0.0,3.0,0.0,0.0,1.0
Keanu Baccus,MF,Australia,24,1998,1.3,26.0,41.0,63.4,479.0,142.0,11.0,16.0,68.8,9.0,12.0,75.0,4.0,9.0,44.4,0,0.0,0.0,0.0,0.0,2.0,1.0,0.0,2.0
Kellyn Acosta,MF,United States,27,1995,0.5,10.0,12.0,83.3,165.0,29.0,3.0,4.0,75.0,7.0,7.0,100.0,0.0,0.0,,0,0.0,0.0,0.0,0.0,0.0,0.0,0.0,0.0
Kendall Waston,DF,Costa Rica,34,1988,2.5,57.0,71.0,80.3,1225.0,437.0,16.0,19.0,84.2,32.0,35.0,91.4,8.0,15.0,53.3,0,0.0,0.0,0.0,0.0,1.0,0.0,0.0,0.0
Kenneth Taylor,MF,Netherlands,20,2002,0.1,8.0,8.0,100.0,112.0,37.0,6.0,6.0,100.0,1.0,1.0,100.0,1.0,1.0,100.0,0,0.0,0.0,0.0,0.0,1.0,0.0,0.0,1.0
Kevin De Bruyne,FW,Belgium,31,1991,3.0,93.0,136.0,68.4,1807.0,747.0,38.0,45.0,84.4,40.0,54.0,74.1,15.0,27.0,55.6,0,0.9,0.8,-0.9,8.0,17.0,9.0,2.0,21.0
Kevin Rodríguez,FW,Ecuador,22,2000,0.0,,,,,,,,,,,,,,,0,,,,,,,,
Kevin Álvarez,DF,Mexico,23,1999,0.8,19.0,29.0,65.5,262.0,76.0,11.0,15.0,73.3,8.0,12.0,66.7,0.0,1.0,0.0,0,0.0,0.0,0.0,0.0,1.0,0.0,0.0,2.0
Keylor Navas,GK,Costa Rica,36,1986,3.0,61.0,102.0,59.8,2135.0,1522.0,7.0,7.0,100.0,25.0,25.0,100.0,29.0,68.0,42.6,0,0.0,0.0,0.0,0.0,1.0,0.0,0.0,0.0
Keysher Fuller,DF,Costa Rica,28,1994,2.8,44.0,63.0,69.8,663.0,194.0,21.0,27.0,77.8,21.0,26.0,80.8,1.0,7.0,14.3,0,0.2,0.1,-0.2,1.0,2.0,0.0,0.0,1.0
Kieffer Moore,FW,Wales,30,1992,2.5,36.0,56.0,64.3,564.0,87.0,17.0,27.0,63.0,15.0,20.0,75.0,2.0,2.0,100.0,0,0.2,0.1,-0.2,4.0,3.0,1.0,0.0,3.0
Kieran Trippier,DF,England,32,1990,2.3,165.0,195.0,84.6,2930.0,762.0,80.0,84.0,95.2,68.0,76.0,89.5,16.0,29.0,55.2,0,0.1,0.2,-0.1,3.0,11.0,2.0,0.0,13.0
Kim Jin-su,DF,Korea Republic,30,1992,3.5,105.0,146.0,71.9,1901.0,672.0,47.0,51.0,92.2,44.0,62.0,71.0,11.0,25.0,44.0,1,0.6,0.6,0.4,5.0,5.0,4.0,3.0,7.0
Kim Min-jae,DF,Korea Republic,26,1996,3.0,167.0,191.0,87.4,3337.0,1234.0,60.0,65.0,92.3,85.0,90.0,94.4,20.0,29.0,69.0,0,0.0,0.1,0.0,0.0,19.0,1.0,0.0,10.0
Kim Moonhwan,DF,Korea Republic,27,1995,4.0,201.0,242.0,83.1,3226.0,1077.0,109.0,117.0,93.2,73.0,93.0,78.5,14.0,19.0,73.7,0,0.6,0.3,-0.6,3.0,14.0,5.0,3.0,8.0
Kim Seung-gyu,GK,Korea Republic,32,1990,4.0,93.0,128.0,72.7,2291.0,1407.0,23.0,23.0,100.0,45.0,45.0,100.0,25.0,59.0,42.4,0,0.0,0.0,0.0,0.0,1.0,0.0,0.0,0.0
Kim Young-gwon,DF,Korea Republic,32,1990,3.9,178.0,209.0,85.2,3954.0,1720.0,61.0,65.0,93.8,82.0,87.0,94.3,35.0,56.0,62.5,0,0.2,0.1,-0.2,3.0,17.0,4.0,1.0,18.0
Kingsley Coman,FW,France,26,1996,1.9,56.0,72.0,77.8,841.0,120.0,32.0,35.0,91.4,20.0,25.0,80.0,4.0,10.0,40.0,0,0.1,0.2,-0.1,1.0,1.0,2.0,1.0,1.0
Ko Itakura,DF,Japan,25,1997,3.0,98.0,111.0,88.3,1860.0,494.0,32.0,35.0,91.4,55.0,59.0,93.2,11.0,15.0,73.3,1,0.1,0.0,0.9,1.0,7.0,0.0,0.0,1.0
Koke,MF,Spain,30,1992,0.6,56.0,62.0,90.3,991.0,170.0,26.0,28.0,92.9,24.0,25.0,96.0,6.0,7.0,85.7,0,0.0,0.0,0.0,0.0,4.0,0.0,0.0,2.0
Kristijan Jakič,FW,Croatia,25,1997,0.0,0.0,0.0,,0.0,0.0,0.0,0.0,,0.0,0.0,,0.0,0.0,,0,0.0,0.0,0.0,0.0,0.0,0.0,0.0,0.0
Krystian Bielik,MF,Poland,24,1998,2.4,86.0,99.0,86.9,1621.0,440.0,35.0,38.0,92.1,37.0,38.0,97.4,12.0,17.0,70.6,0,0.0,0.1,0.0,0.0,5.0,1.0,0.0,5.0
Krzysztof Piątek,FW,Poland,27,1995,0.3,2.0,6.0,33.3,35.0,0.0,1.0,2.0,50.0,1.0,3.0,33.3,0.0,0.0,,0,0.0,0.0,0.0,0.0,0.0,0.0,0.0,0.0
Krépin Diatta,FW,Senegal,23,1999,2.0,60.0,73.0,82.2,786.0,241.0,43.0,46.0,93.5,8.0,15.0,53.3,4.0,5.0,80.0,0,0.2,0.2,-0.2,3.0,3.0,3.0,1.0,6.0
Kudus Mohammed,FW,Ghana,22,2000,2.7,62.0,87.0,71.3,1060.0,233.0,28.0,38.0,73.7,23.0,27.0,85.2,9.0,14.0,64.3,0,0.0,0.1,0.0,0.0,4.0,0.0,0.0,5.0
Kwon Chang-hoon,FW,Korea Republic,28,1994,0.6,19.0,25.0,76.0,311.0,56.0,10.0,12.0,83.3,7.0,7.0,100.0,2.0,4.0,50.0,0,0.2,0.2,-0.2,1.0,2.0,1.0,1.0,1.0
Kwon Kyung-won,DF,Korea Republic,30,1992,1.0,39.0,43.0,90.7,707.0,216.0,18.0,18.0,100.0,16.0,19.0,84.2,5.0,5.0,100.0,0,0.0,0.0,0.0,0.0,1.0,0.0,0.0,2.0
Kye Rowles,DF,Australia,24,1998,4.0,165.0,187.0,88.2,3062.0,1025.0,49.0,52.0,94.2,96.0,105.0,91.4,14.0,18.0,77.8,0,0.0,0.0,0.0,0.0,2.0,0.0,0.0,1.0
Kyle Walker,DF,England,32,1990,2.6,162.0,181.0,89.5,3151.0,837.0,65.0,68.0,95.6,76.0,83.0,91.6,20.0,28.0,71.4,0,0.0,0.1,0.0,0.0,11.0,2.0,0.0,12.0
Kylian Mbappé,FW,France,24,1998,6.6,173.0,229.0,75.5,2567.0,645.0,110.0,123.0,89.4,48.0,61.0,78.7,12.0,25.0,48.0,2,1.3,1.3,0.7,11.0,16.0,8.0,2.0,16.0
Lautaro Martínez,FW,Argentina,25,1997,2.7,46.0,62.0,74.2,567.0,21.0,32.0,39.0,82.1,11.0,15.0,73.3,1.0,1.0,100.0,0,0.0,0.0,0.0,1.0,0.0,0.0,0.0,0.0
Lawrence Ati-Zigi,GK,Ghana,26,1996,3.0,54.0,78.0,69.2,1547.0,1137.0,10.0,10.0,100.0,30.0,30.0,100.0,14.0,38.0,36.8,0,0.0,0.0,0.0,0.0,1.0,1.0,0.0,0.0
Leander Dendoncker,DF,Belgium,27,1995,1.8,119.0,122.0,97.5,2213.0,533.0,40.0,40.0,100.0,72.0,74.0,97.3,7.0,7.0,100.0,0,0.4,0.3,-0.4,1.0,6.0,0.0,0.0,10.0
Leandro Paredes,MF,Argentina,28,1994,2.5,230.0,246.0,93.5,3700.0,1333.0,109.0,113.0,96.5,104.0,110.0,94.5,12.0,16.0,75.0,0,0.0,0.1,0.0,2.0,18.0,1.0,0.0,13.0
Leandro Trossard,FW,Belgium,28,1994,1.1,43.0,57.0,75.4,822.0,144.0,21.0,26.0,80.8,16.0,21.0,76.2,6.0,7.0,85.7,0,0.1,0.0,-0.1,2.0,4.0,0.0,0.0,3.0
Lee Jae-sung,MF,Korea Republic,30,1992,2.3,84.0,97.0,86.6,1285.0,170.0,41.0,49.0,83.7,35.0,37.0,94.6,6.0,7.0,85.7,0,0.0,0.1,0.0,2.0,4.0,0.0,0.0,0.0
Lee Kangin,MF,Korea Republic,21,2001,1.6,62.0,77.0,80.5,1225.0,297.0,22.0,24.0,91.7,28.0,30.0,93.3,10.0,20.0,50.0,1,0.3,0.3,0.7,4.0,6.0,6.0,1.0,11.0
Leon Goretzka,MF,Germany,27,1995,1.8,42.0,57.0,73.7,552.0,132.0,24.0,28.0,85.7,11.0,15.0,73.3,2.0,4.0,50.0,0,0.0,0.1,0.0,1.0,3.0,0.0,0.0,1.0
Leroy Sané,FW,Germany,26,1996,1.2,47.0,58.0,81.0,647.0,273.0,22.0,28.0,78.6,15.0,16.0,93.8,2.0,3.0,66.7,1,1.8,1.9,-0.8,4.0,6.0,6.0,1.0,9.0
Liam Millar,DF,Canada,23,1999,0.1,4.0,9.0,44.4,51.0,23.0,2.0,3.0,66.7,2.0,4.0,50.0,0.0,1.0,0.0,0,0.0,0.0,0.0,0.0,0.0,0.0,0.0,1.0
Lionel Messi,FW,Argentina,35,1987,7.7,301.0,372.0,80.9,4538.0,1554.0,171.0,183.0,93.4,93.0,110.0,84.5,27.0,47.0,57.4,3,2.5,2.0,0.5,21.0,38.0,18.0,0.0,49.0
Lisandro Martínez,DF,Argentina,24,1998,3.4,133.0,156.0,85.3,2311.0,821.0,63.0,70.0,90.0,57.0,64.0,89.1,13.0,21.0,61.9,0,0.7,0.0,-0.7,1.0,11.0,1.0,0.0,6.0
Lovro Majer,MF,Croatia,24,1998,1.4,78.0,98.0,79.6,1165.0,300.0,43.0,47.0,91.5,27.0,34.0,79.4,3.0,8.0,37.5,0,0.1,0.3,-0.1,2.0,5.0,4.0,3.0,5.0
Loïs Openda,FW,Belgium,22,2000,0.1,3.0,5.0,60.0,38.0,0.0,2.0,2.0,100.0,1.0,1.0,100.0,0.0,2.0,0.0,0,0.0,0.0,0.0,0.0,0.0,0.0,0.0,0.0
Lucas Cavallini,FW,Canada,30,1992,0.2,2.0,2.0,100.0,36.0,15.0,1.0,1.0,100.0,1.0,1.0,100.0,0.0,0.0,,0,0.0,0.1,0.0,0.0,0.0,1.0,1.0,0.0
Lucas Hernández,DF,France,26,1996,0.1,5.0,10.0,50.0,66.0,16.0,4.0,7.0,57.1,1.0,1.0,100.0,0.0,1.0,0.0,0,0.0,0.0,0.0,0.0,1.0,0.0,0.0,0.0
Lucas Paquetá,MF,Brazil,25,1997,3.5,169.0,202.0,83.7,2578.0,622.0,81.0,93.0,87.1,69.0,77.0,89.6,10.0,15.0,66.7,1,1.5,0.6,-0.5,6.0,16.0,9.0,1.0,15.0
Luis Chávez,MF,Mexico,26,1996,3.0,99.0,139.0,71.2,2026.0,724.0,45.0,57.0,78.9,34.0,46.0,73.9,18.0,32.0,56.3,0,0.5,0.8,-0.5,4.0,21.0,2.0,2.0,11.0
Luis Suárez,FW,Uruguay,35,1987,1.6,25.0,40.0,62.5,301.0,97.0,19.0,25.0,76.0,3.0,6.0,50.0,1.0,4.0,25.0,1,0.1,0.1,0.9,1.0,2.0,1.0,0.0,2.0
Luka Jovič,FW,Serbia,25,1997,0.4,6.0,10.0,60.0,115.0,4.0,3.0,5.0,60.0,2.0,3.0,66.7,1.0,2.0,50.0,0,0.2,0.1,-0.2,2.0,0.0,0.0,0.0,0.0
Luka Modrič,MF,Croatia,37,1985,7.3,465.0,551.0,84.4,7825.0,2857.0,229.0,244.0,93.9,173.0,202.0,85.6,45.0,71.0,63.4,0,0.7,0.8,-0.7,6.0,51.0,10.0,3.0,61.0
Lukas Klostermann,DF,Germany,26,1996,0.7,51.0,52.0,98.1,776.0,274.0,30.0,31.0,96.8,18.0,18.0,100.0,3.0,3.0,100.0,0,0.0,0.1,0.0,0.0,2.0,1.0,0.0,4.0
Luke Shaw,DF,England,27,1995,4.7,335.0,400.0,83.8,5392.0,1662.0,165.0,179.0,92.2,144.0,159.0,90.6,20.0,41.0,48.8,1,0.8,0.9,0.2,8.0,23.0,9.0,4.0,31.0
Luuk de Jong,FW,Netherlands,32,1990,0.6,8.0,12.0,66.7,116.0,36.0,5.0,6.0,83.3,3.0,3.0,100.0,0.0,1.0,0.0,0,0.0,0.0,0.0,0.0,1.0,0.0,0.0,1.0
Majid Hosseini,DF,IR Iran,26,1996,3.0,86.0,106.0,81.1,1791.0,524.0,28.0,33.0,84.8,42.0,47.0,89.4,14.0,21.0,66.7,0,0.0,0.0,0.0,0.0,3.0,0.0,0.0,3.0
Manuel Akanji,DF,Switzerland,27,1995,4.0,229.0,259.0,88.4,4725.0,1829.0,71.0,78.0,91.0,124.0,134.0,92.5,32.0,42.0,76.2,0,0.1,0.1,-0.1,1.0,15.0,0.0,0.0,14.0
Manuel Neuer,GK,Germany,36,1986,3.0,115.0,127.0,90.6,2729.0,1737.0,27.0,27.0,100.0,51.0,53.0,96.2,36.0,46.0,78.3,0,0.0,0.0,0.0,0.0,0.0,0.0,0.0,0.0
Marcelo Brozovič,MF,Croatia,30,1992,6.1,466.0,530.0,87.9,7429.0,1726.0,253.0,279.0,90.7,151.0,167.0,90.4,48.0,54.0,88.9,0,0.2,0.2,-0.2,5.0,31.0,1.0,0.0,25.0
Marco Asensio,FW,Spain,26,1996,2.5,89.0,119.0,74.8,1262.0,150.0,50.0,59.0,84.7,26.0,35.0,74.3,5.0,8.0,62.5,0,0.1,0.1,-0.1,2.0,4.0,3.0,0.0,5.0
Marcos Acuña,DF,Argentina,31,1991,4.1,167.0,217.0,77.0,2697.0,685.0,96.0,112.0,85.7,61.0,74.0,82.4,9.0,21.0,42.9,0,0.3,0.4,-0.3,5.0,9.0,2.0,0.0,9.0
Marcos Llorente,DF,Spain,27,1995,1.3,95.0,106.0,89.6,1708.0,271.0,41.0,44.0,93.2,40.0,43.0,93.0,12.0,14.0,85.7,0,0.0,0.0,0.0,0.0,9.0,0.0,0.0,6.0
Marcus Rashford,FW,England,25,1997,1.6,49.0,66.0,74.2,677.0,91.0,32.0,39.0,82.1,15.0,20.0,75.0,2.0,3.0,66.7,0,0.0,0.0,0.0,0.0,1.0,0.0,0.0,1.0
Marcus Thuram,FW,France,25,1997,1.7,27.0,39.0,69.2,369.0,88.0,19.0,25.0,76.0,5.0,9.0,55.6,2.0,3.0,66.7,2,0.2,0.1,1.8,4.0,1.0,4.0,0.0,5.0
Mario Götze,MF,Germany,30,1992,0.4,21.0,23.0,91.3,240.0,83.0,15.0,15.0,100.0,4.0,4.0,100.0,0.0,0.0,,0,0.1,0.1,-0.1,2.0,1.0,2.0,2.0,1.0
Mario Pašalič,FW,Croatia,27,1995,3.0,76.0,95.0,80.0,1146.0,343.0,42.0,46.0,91.3,24.0,29.0,82.8,6.0,8.0,75.0,0,0.2,0.2,-0.2,1.0,3.0,1.0,1.0,5.0
Mark-Anthony Kaye,MF,Canada,28,1994,0.7,51.0,61.0,83.6,834.0,112.0,23.0,30.0,76.7,23.0,24.0,95.8,3.0,5.0,60.0,0,0.0,0.0,0.0,0.0,1.0,0.0,0.0,1.0
Marko Grujič,MF,Serbia,26,1996,0.1,14.0,17.0,82.4,230.0,62.0,4.0,5.0,80.0,8.0,9.0,88.9,0.0,1.0,0.0,0,0.0,0.0,0.0,0.0,2.0,0.0,0.0,2.0
Marko Livaja,FW,Croatia,29,1993,2.7,35.0,58.0,60.3,502.0,133.0,18.0,27.0,66.7,14.0,19.0,73.7,1.0,2.0,50.0,1,0.1,0.1,0.9,3.0,4.0,3.0,0.0,7.0
Marquinhos,DF,Brazil,28,1994,4.7,352.0,368.0,95.7,6124.0,1913.0,139.0,140.0,99.3,197.0,204.0,96.6,12.0,18.0,66.7,0,0.8,1.1,-0.8,4.0,36.0,3.0,1.0,18.0
Marten de Roon,MF,Netherlands,31,1991,2.0,97.0,119.0,81.5,1560.0,332.0,49.0,57.0,86.0,41.0,52.0,78.8,5.0,5.0,100.0,0,0.0,0.0,0.0,0.0,8.0,0.0,0.0,3.0
Martin Braithwaite,FW,Denmark,31,1991,1.1,14.0,20.0,70.0,207.0,32.0,6.0,7.0,85.7,5.0,5.0,100.0,1.0,1.0,100.0,0,0.1,0.1,-0.1,3.0,0.0,1.0,0.0,1.0
Martin Hongla,MF,Cameroon,24,1998,1.3,49.0,61.0,80.3,839.0,266.0,24.0,28.0,85.7,20.0,24.0,83.3,4.0,6.0,66.7,0,0.1,0.1,-0.1,2.0,7.0,1.0,0.0,3.0
Martinelli,FW,Brazil,21,2001,1.3,34.0,45.0,75.6,471.0,103.0,22.0,28.0,78.6,11.0,13.0,84.6,0.0,2.0,0.0,0,0.2,0.3,-0.2,3.0,3.0,2.0,1.0,2.0
Martín Cáceres,DF,Uruguay,35,1987,1.0,68.0,79.0,86.1,1289.0,320.0,22.0,25.0,88.0,35.0,39.0,89.7,10.0,13.0,76.9,0,0.0,0.0,0.0,0.0,5.0,0.0,0.0,2.0
Mason Mount,MF,England,23,1999,2.1,61.0,73.0,83.6,1031.0,212.0,36.0,42.0,85.7,19.0,22.0,86.4,6.0,7.0,85.7,0,0.0,0.1,0.0,1.0,3.0,1.0,0.0,4.0
Mateo Kovačič,MF,Croatia,28,1994,7.1,415.0,460.0,90.2,6213.0,1384.0,236.0,250.0,94.4,144.0,156.0,92.3,21.0,31.0,67.7,0,1.0,1.2,-1.0,9.0,47.0,7.0,0.0,31.0
Matheus Nunes,MF,Portugal,24,1998,0.8,28.0,33.0,84.8,534.0,94.0,14.0,16.0,87.5,9.0,9.0,100.0,5.0,7.0,71.4,0,0.1,0.0,-0.1,1.0,2.0,0.0,0.0,0.0
Mathew Leckie,MF,Australia,31,1991,3.7,67.0,103.0,65.0,791.0,268.0,43.0,54.0,79.6,16.0,24.0,66.7,1.0,4.0,25.0,1,0.3,0.0,0.7,2.0,8.0,1.0,0.0,7.0
Mathew Ryan,GK,Australia,30,1992,4.0,113.0,164.0,68.9,3668.0,2579.0,13.0,13.0,100.0,46.0,46.0,100.0,54.0,105.0,51.4,0,0.0,0.0,0.0,0.0,1.0,0.0,0.0,0.0
Mathias Jensen,MF,Denmark,26,1996,0.9,52.0,67.0,77.6,871.0,249.0,28.0,33.0,84.8,16.0,18.0,88.9,6.0,13.0,46.2,0,0.4,0.1,-0.4,4.0,7.0,2.0,0.0,4.0
Mathías Olivera,DF,Uruguay,25,1997,2.8,104.0,133.0,78.2,1495.0,574.0,69.0,78.0,88.5,24.0,34.0,70.6,6.0,9.0,66.7,0,0.4,0.5,-0.4,5.0,7.0,4.0,2.0,7.0
Matt Turner,GK,United States,28,1994,4.0,101.0,128.0,78.9,2504.0,1748.0,26.0,26.0,100.0,50.0,51.0,98.0,24.0,50.0,48.0,0,0.0,0.0,0.0,0.0,2.0,0.0,0.0,0.0
Matthias Ginter,DF,Germany,28,1994,0.0,3.0,3.0,100.0,52.0,42.0,0.0,0.0,,3.0,3.0,100.0,0.0,0.0,,0,0.0,0.0,0.0,0.0,0.0,0.0,0.0,0.0
Matthijs de Ligt,DF,Netherlands,23,1999,1.0,41.0,45.0,91.1,846.0,264.0,14.0,16.0,87.5,18.0,19.0,94.7,9.0,9.0,100.0,0,0.0,0.0,0.0,0.0,4.0,0.0,0.0,2.0
Matty Cash,DF,Poland,25,1997,4.0,123.0,160.0,76.9,1995.0,696.0,65.0,71.0,91.5,51.0,64.0,79.7,6.0,17.0,35.3,0,0.2,0.5,-0.2,2.0,12.0,2.0,2.0,8.0
Mattéo Guendouzi,FW,France,23,1999,0.9,27.0,33.0,81.8,399.0,79.0,17.0,21.0,81.0,9.0,9.0,100.0,1.0,2.0,50.0,0,0.0,0.0,0.0,0.0,4.0,0.0,0.0,1.0
Matías Vecino,MF,Uruguay,31,1991,2.2,76.0,106.0,71.7,1189.0,296.0,42.0,54.0,77.8,23.0,33.0,69.7,8.0,8.0,100.0,0,0.0,0.0,0.0,0.0,8.0,0.0,0.0,9.0
Matías Viña,DF,Uruguay,25,1997,0.2,11.0,21.0,52.4,148.0,44.0,6.0,9.0,66.7,5.0,8.0,62.5,0.0,2.0,0.0,0,0.0,0.0,0.0,0.0,0.0,0.0,0.0,1.0
Maxi Gómez,FW,Uruguay,26,1996,0.3,5.0,7.0,71.4,85.0,9.0,1.0,2.0,50.0,4.0,5.0,80.0,0.0,0.0,,0,0.0,0.0,0.0,0.0,0.0,1.0,0.0,1.0
Maya Yoshida,DF,Japan,34,1988,4.3,198.0,232.0,85.3,3969.0,1370.0,64.0,69.0,92.8,108.0,114.0,94.7,25.0,45.0,55.6,1,0.4,0.0,0.6,1.0,3.0,0.0,0.0,6.0
Mehdi Taremi,FW,IR Iran,30,1992,3.0,58.0,78.0,74.4,956.0,157.0,22.0,29.0,75.9,26.0,32.0,81.3,6.0,8.0,75.0,1,0.7,0.1,0.3,9.0,8.0,0.0,0.0,4.0
Mehdi Torabi,MF,IR Iran,28,1994,0.7,30.0,37.0,81.1,421.0,168.0,19.0,21.0,90.5,9.0,12.0,75.0,1.0,1.0,100.0,0,0.6,0.2,-0.6,3.0,5.0,0.0,0.0,6.0
Memphis,FW,Netherlands,28,1994,3.3,93.0,123.0,75.6,1277.0,233.0,58.0,68.0,85.3,21.0,30.0,70.0,7.0,10.0,70.0,0,0.5,0.4,-0.5,3.0,6.0,2.0,0.0,4.0
Meshaal Barsham,GK,Qatar,24,1998,2.0,45.0,63.0,71.4,968.0,715.0,15.0,15.0,100.0,15.0,16.0,93.8,11.0,27.0,40.7,0,0.0,0.0,0.0,1.0,0.0,0.0,0.0,0.0
Michael Estrada,FW,Ecuador,26,1996,2.5,28.0,50.0,56.0,480.0,138.0,13.0,22.0,59.1,11.0,16.0,68.8,3.0,4.0,75.0,0,0.0,0.4,0.0,1.0,6.0,2.0,0.0,7.0
Michał Skóraś,MF,Poland,22,2000,0.5,8.0,9.0,88.9,127.0,4.0,1.0,2.0,50.0,6.0,6.0,100.0,0.0,0.0,,0,0.0,0.0,0.0,0.0,0.0,0.0,0.0,0.0
Michel Aebischer,MF,Switzerland,25,1997,0.2,2.0,4.0,50.0,23.0,0.0,2.0,2.0,100.0,0.0,1.0,0.0,0.0,0.0,,0,0.0,0.0,0.0,0.0,0.0,0.0,0.0,0.0
Michy Batshuayi,FW,Belgium,29,1993,1.7,16.0,24.0,66.7,223.0,27.0,11.0,16.0,68.8,1.0,3.0,33.3,3.0,3.0,100.0,0,0.1,0.0,-0.1,1.0,1.0,0.0,0.0,1.0
Miki Yamane,DF,Japan,29,1993,0.7,24.0,33.0,72.7,371.0,164.0,12.0,12.0,100.0,11.0,17.0,64.7,1.0,2.0,50.0,0,0.1,0.1,-0.1,1.0,4.0,2.0,0.0,5.0
Mikkel Damsgaard,MF,Denmark,22,2000,1.7,55.0,72.0,76.4,833.0,251.0,32.0,40.0,80.0,16.0,21.0,76.2,4.0,7.0,57.1,0,0.3,0.2,-0.3,2.0,9.0,3.0,2.0,5.0
Milad Mohammadi,DF,IR Iran,29,1993,2.2,44.0,68.0,64.7,674.0,283.0,20.0,21.0,95.2,19.0,29.0,65.5,2.0,8.0,25.0,0,0.0,0.0,0.0,0.0,1.0,0.0,0.0,2.0
Milan Borjan,GK,Canada,35,1987,3.0,76.0,98.0,77.6,1825.0,1254.0,19.0,19.0,100.0,39.0,40.0,97.5,18.0,38.0,47.4,0,0.0,0.0,0.0,0.0,1.0,0.0,0.0,0.0
Miloš Degenek,DF,Australia,28,1994,2.0,67.0,101.0,66.3,1236.0,532.0,28.0,33.0,84.8,33.0,45.0,73.3,6.0,19.0,31.6,0,0.0,0.0,0.0,0.0,3.0,0.0,0.0,2.0
Miloš Veljkovič,DF,Serbia,27,1995,2.5,98.0,112.0,87.5,2106.0,647.0,18.0,20.0,90.0,68.0,70.0,97.1,11.0,17.0,64.7,0,0.0,0.0,0.0,0.0,1.0,0.0,0.0,3.0
Mislav Oršič,FW,Croatia,30,1992,1.8,40.0,54.0,74.1,478.0,160.0,28.0,32.0,87.5,10.0,15.0,66.7,0.0,3.0,0.0,2,1.1,0.6,0.9,5.0,2.0,4.0,0.0,5.0
Mitchell Duke,FW,Australia,31,1991,3.0,36.0,63.0,57.1,448.0,117.0,23.0,33.0,69.7,7.0,16.0,43.8,2.0,4.0,50.0,0,0.0,0.0,0.0,1.0,2.0,0.0,0.0,1.0
Mohamed Ali Ben Romdhane,MF,Tunisia,23,1999,0.8,14.0,21.0,66.7,217.0,22.0,7.0,11.0,63.6,7.0,7.0,100.0,0.0,0.0,,0,0.0,0.0,0.0,0.0,3.0,0.0,0.0,0.0
Mohamed Drger,DF,Tunisia,26,1996,1.5,36.0,50.0,72.0,678.0,265.0,12.0,16.0,75.0,19.0,23.0,82.6,5.0,9.0,55.6,0,0.0,0.1,0.0,1.0,1.0,1.0,1.0,4.0
Mohamed Kanno,MF,Saudi Arabia,28,1994,3.0,119.0,147.0,81.0,1814.0,535.0,61.0,72.0,84.7,40.0,45.0,88.9,9.0,15.0,60.0,0,0.0,0.1,0.0,0.0,15.0,2.0,0.0,11.0
Mohammed Al-Breik,DF,Saudi Arabia,30,1992,0.7,39.0,48.0,81.3,627.0,254.0,22.0,25.0,88.0,13.0,14.0,92.9,3.0,8.0,37.5,0,0.0,0.1,0.0,1.0,5.0,1.0,0.0,6.0
Mohammed Al-Owais,GK,Saudi Arabia,31,1991,3.0,57.0,100.0,57.0,1829.0,1286.0,7.0,7.0,100.0,29.0,29.0,100.0,21.0,64.0,32.8,0,0.0,0.0,0.0,0.0,0.0,0.0,0.0,0.0
Mohammed Muntari,FW,Qatar,29,1993,0.7,17.0,19.0,89.5,209.0,25.0,6.0,7.0,85.7,7.0,8.0,87.5,0.0,0.0,,0,0.0,0.0,0.0,1.0,0.0,0.0,0.0,0.0
Mohammed Salisu,DF,Ghana,23,1999,3.0,109.0,151.0,72.2,1864.0,846.0,51.0,57.0,89.5,49.0,60.0,81.7,8.0,31.0,25.8,0,0.2,0.3,-0.2,2.0,8.0,1.0,0.0,8.0
Mohammed Waad,MF,Qatar,23,1999,0.3,9.0,12.0,75.0,185.0,28.0,6.0,8.0,75.0,1.0,1.0,100.0,2.0,2.0,100.0,0,0.0,0.0,0.0,0.0,0.0,0.0,0.0,0.0
Moisés Caicedo,MF,Ecuador,21,2001,3.0,126.0,153.0,82.4,1613.0,417.0,83.0,95.0,87.4,36.0,43.0,83.7,1.0,5.0,20.0,0,0.0,0.0,0.0,0.0,12.0,1.0,0.0,7.0
Montassar Talbi,DF,Tunisia,24,1998,3.0,118.0,137.0,86.1,2488.0,843.0,29.0,35.0,82.9,76.0,82.0,92.7,12.0,18.0,66.7,0,0.0,0.0,0.0,0.0,11.0,2.0,0.0,11.0
Morteza Pouraliganji,DF,IR Iran,30,1992,3.0,92.0,128.0,71.9,1965.0,685.0,18.0,26.0,69.2,60.0,71.0,84.5,13.0,27.0,48.1,0,0.2,0.2,-0.2,2.0,6.0,1.0,0.0,7.0
Moumi Ngamaleu,FW,Cameroon,28,1994,1.1,21.0,25.0,84.0,286.0,91.0,14.0,15.0,93.3,7.0,9.0,77.8,0.0,0.0,,0,0.2,0.1,-0.2,1.0,3.0,0.0,0.0,2.0
Munir,GK,Morocco,33,1989,1.0,19.0,28.0,67.9,597.0,413.0,2.0,2.0,100.0,10.0,10.0,100.0,7.0,16.0,43.8,0,0.0,0.0,0.0,0.0,0.0,0.0,0.0,0.0
Musab Kheder,DF,Qatar,29,1993,0.1,3.0,3.0,100.0,89.0,30.0,0.0,0.0,,2.0,2.0,100.0,1.0,1.0,100.0,0,0.0,0.0,0.0,0.0,0.0,0.0,0.0,0.0
Na Sang-ho,FW,Korea Republic,26,1996,1.3,24.0,37.0,64.9,375.0,68.0,13.0,16.0,81.3,8.0,10.0,80.0,2.0,4.0,50.0,0,0.1,0.1,-0.1,3.0,2.0,2.0,1.0,2.0
Nader Ghandri,DF,Tunisia,27,1995,1.0,27.0,33.0,81.8,561.0,204.0,5.0,6.0,83.3,19.0,21.0,90.5,3.0,5.0,60.0,0,0.0,0.0,0.0,0.0,0.0,0.0,0.0,1.0
Nahuel Molina,DF,Argentina,24,1998,6.3,291.0,358.0,81.3,3905.0,1347.0,188.0,221.0,85.1,77.0,94.0,81.9,16.0,23.0,69.6,1,0.3,0.3,0.7,3.0,17.0,3.0,1.0,11.0
Nampalys Mendy,MF,Senegal,30,1992,3.0,141.0,159.0,88.7,2662.0,472.0,58.0,64.0,90.6,55.0,58.0,94.8,21.0,27.0,77.8,0,0.0,0.1,0.0,1.0,13.0,2.0,1.0,6.0
Nasser Al-Dawsari,FW,Saudi Arabia,24,1998,0.1,11.0,11.0,100.0,169.0,46.0,7.0,7.0,100.0,3.0,3.0,100.0,1.0,1.0,100.0,0,0.1,0.1,-0.1,1.0,1.0,1.0,1.0,0.0
Nathan Aké,DF,Netherlands,27,1995,5.3,315.0,349.0,90.3,5204.0,1703.0,154.0,165.0,93.3,138.0,144.0,95.8,20.0,33.0,60.6,0,0.0,0.1,0.0,0.0,29.0,1.0,0.0,19.0
Nathaniel Atkinson,DF,Australia,23,1999,0.9,27.0,34.0,79.4,396.0,108.0,15.0,17.0,88.2,10.0,12.0,83.3,1.0,4.0,25.0,0,0.0,0.0,0.0,0.0,1.0,0.0,0.0,3.0
Nawaf Al Abed,MF,Saudi Arabia,32,1990,1.0,33.0,39.0,84.6,458.0,60.0,23.0,24.0,95.8,7.0,10.0,70.0,1.0,2.0,50.0,0,0.1,0.0,-0.1,1.0,2.0,0.0,0.0,0.0
Nayef Aguerd,DF,Morocco,26,1996,3.9,137.0,158.0,86.7,2659.0,996.0,53.0,57.0,93.0,64.0,68.0,94.1,20.0,31.0,64.5,0,0.0,0.0,0.0,1.0,3.0,0.0,0.0,3.0
Naïm Sliti,MF,Tunisia,30,1992,1.3,29.0,51.0,56.9,557.0,202.0,11.0,17.0,64.7,12.0,16.0,75.0,5.0,16.0,31.3,0,0.1,0.1,-0.1,2.0,3.0,3.0,1.0,8.0
Neco Williams,DF,Wales,21,2001,2.3,69.0,101.0,68.3,1178.0,388.0,35.0,39.0,89.7,26.0,36.0,72.2,7.0,17.0,41.2,0,0.1,0.0,-0.1,1.0,5.0,0.0,0.0,4.0
Nemanja Gudelj,MF,Serbia,31,1991,1.0,44.0,52.0,84.6,755.0,229.0,23.0,24.0,95.8,18.0,23.0,78.3,3.0,4.0,75.0,0,0.0,0.0,0.0,0.0,1.0,0.0,0.0,3.0
Nemanja Maksimovič,MF,Serbia,27,1995,1.4,50.0,57.0,87.7,673.0,181.0,31.0,31.0,100.0,18.0,22.0,81.8,0.0,2.0,0.0,0,0.1,0.1,-0.1,3.0,5.0,2.0,2.0,0.0
Nemanja Radonjič,DF,Serbia,26,1996,0.7,15.0,24.0,62.5,236.0,74.0,8.0,10.0,80.0,4.0,7.0,57.1,1.0,2.0,50.0,0,0.0,0.0,0.0,1.0,0.0,1.0,1.0,1.0
Neymar,MF,Brazil,30,1992,3.1,121.0,153.0,79.1,1795.0,627.0,62.0,76.0,81.6,45.0,53.0,84.9,7.0,13.0,53.8,0,0.8,0.5,-0.8,6.0,16.0,4.0,0.0,14.0
Niclas Füllkrug,FW,Germany,29,1993,0.8,15.0,24.0,62.5,181.0,43.0,7.0,9.0,77.8,4.0,6.0,66.7,1.0,2.0,50.0,1,0.6,0.2,0.4,1.0,1.0,0.0,0.0,1.0
Nico Elvedi,DF,Switzerland,26,1996,2.0,131.0,142.0,92.3,2283.0,673.0,56.0,60.0,93.3,68.0,70.0,97.1,6.0,8.0,75.0,0,0.0,0.0,0.0,0.0,2.0,0.0,0.0,6.0
Nico Schlotterbeck,DF,Germany,23,1999,1.0,110.0,123.0,89.4,1895.0,548.0,42.0,42.0,100.0,59.0,60.0,98.3,6.0,16.0,37.5,0,0.1,0.1,-0.1,2.0,10.0,2.0,0.0,7.0
Nico Williams,FW,Spain,20,2002,1.6,50.0,63.0,79.4,822.0,74.0,25.0,28.0,89.3,19.0,24.0,79.2,4.0,6.0,66.7,0,0.0,0.1,0.0,0.0,1.0,2.0,0.0,3.0
Nicola Zalewski,MF,Poland,20,2002,0.7,15.0,17.0,88.2,280.0,54.0,3.0,4.0,75.0,10.0,11.0,90.9,1.0,1.0,100.0,0,0.0,0.0,0.0,0.0,0.0,1.0,1.0,1.0
Nicolas Jackson,FW,Senegal,21,2001,0.2,9.0,10.0,90.0,124.0,30.0,5.0,6.0,83.3,3.0,3.0,100.0,0.0,0.0,,0,0.0,0.0,0.0,0.0,0.0,0.0,0.0,0.0
Nicolas Nkoulou,DF,Cameroon,32,1990,2.0,79.0,91.0,86.8,1510.0,572.0,30.0,31.0,96.8,39.0,43.0,90.7,9.0,15.0,60.0,1,0.0,0.0,1.0,0.0,1.0,0.0,0.0,1.0
Nicolás De La Cruz,MF,Uruguay,25,1997,0.4,20.0,25.0,80.0,316.0,85.0,11.0,11.0,100.0,6.0,8.0,75.0,3.0,4.0,75.0,0,0.0,0.0,0.0,0.0,3.0,1.0,0.0,2.0
Nicolás Otamendi,DF,Argentina,34,1988,7.7,532.0,577.0,92.2,8827.0,2912.0,236.0,250.0,94.4,266.0,284.0,93.7,25.0,35.0,71.4,1,0.2,0.2,0.8,2.0,20.0,0.0,0.0,22.0
Nicolás Tagliafico,DF,Argentina,30,1992,4.1,145.0,178.0,81.5,1992.0,509.0,98.0,109.0,89.9,40.0,47.0,85.1,5.0,12.0,41.7,0,0.2,0.2,-0.2,2.0,7.0,1.0,0.0,5.0
Niklas Süle,DF,Germany,27,1995,3.0,231.0,255.0,90.6,3990.0,1348.0,105.0,113.0,92.9,99.0,108.0,91.7,21.0,25.0,84.0,0,0.0,0.1,0.0,0.0,26.0,0.0,0.0,18.0
Nikola Milenkovič,DF,Serbia,25,1997,3.0,141.0,163.0,86.5,2363.0,823.0,69.0,73.0,94.5,55.0,62.0,88.7,16.0,23.0,69.6,0,0.0,0.0,0.0,0.0,10.0,0.0,0.0,6.0
Nikola Vlašič,FW,Croatia,25,1997,2.3,45.0,55.0,81.8,570.0,94.0,27.0,27.0,100.0,15.0,18.0,83.3,0.0,2.0,0.0,0,0.0,0.1,0.0,0.0,4.0,2.0,1.0,4.0
Noa Lang,MF,Netherlands,23,1999,0.1,1.0,3.0,33.3,5.0,6.0,1.0,2.0,50.0,0.0,1.0,0.0,0.0,0.0,,0,0.0,0.0,0.0,0.0,0.0,0.0,0.0,0.0
Noah Okafor,FW,Switzerland,22,2000,0.5,17.0,22.0,77.3,271.0,14.0,9.0,10.0,90.0,6.0,7.0,85.7,2.0,3.0,66.7,0,0.0,0.0,0.0,1.0,1.0,0.0,0.0,0.0
Nouhou Tolo,DF,Cameroon,25,1997,3.0,83.0,109.0,76.1,1368.0,510.0,44.0,47.0,93.6,33.0,44.0,75.0,6.0,14.0,42.9,0,0.0,0.0,0.0,0.0,5.0,1.0,1.0,6.0
Noussair Mazraoui,DF,Morocco,25,1997,4.1,98.0,121.0,81.0,1540.0,571.0,53.0,57.0,93.0,36.0,43.0,83.7,7.0,16.0,43.8,0,0.0,0.1,0.0,1.0,2.0,1.0,1.0,3.0
Nuno Mendes,DF,Portugal,20,2002,0.5,29.0,32.0,90.6,475.0,197.0,17.0,17.0,100.0,8.0,10.0,80.0,3.0,4.0,75.0,0,0.0,0.0,0.0,1.0,2.0,1.0,1.0,2.0
Néstor Araujo,DF,Mexico,31,1991,1.0,44.0,53.0,83.0,757.0,210.0,18.0,19.0,94.7,22.0,24.0,91.7,4.0,8.0,50.0,0,0.0,0.0,0.0,0.0,5.0,2.0,2.0,3.0
Olivier Giroud,FW,France,36,1986,4.7,48.0,74.0,64.9,637.0,148.0,37.0,50.0,74.0,9.0,18.0,50.0,1.0,2.0,50.0,0,0.1,0.3,-0.1,2.0,4.0,1.0,0.0,5.0
Olivier Ntcham,MF,Cameroon,26,1996,0.3,11.0,12.0,91.7,169.0,63.0,7.0,7.0,100.0,4.0,4.0,100.0,0.0,0.0,,0,0.0,0.0,0.0,1.0,3.0,1.0,0.0,4.0
Orbelín Pineda,MF,Mexico,26,1996,0.8,18.0,25.0,72.0,253.0,71.0,13.0,16.0,81.3,4.0,7.0,57.1,1.0,1.0,100.0,0,0.1,0.0,-0.1,1.0,5.0,0.0,0.0,3.0
Osman Bukari,MF,Ghana,24,1998,0.7,14.0,20.0,70.0,169.0,30.0,10.0,12.0,83.3,4.0,4.0,100.0,0.0,2.0,0.0,0,0.1,0.0,-0.1,1.0,0.0,0.0,0.0,1.0
Otávio,MF,Portugal,27,1995,2.2,98.0,127.0,77.2,1532.0,414.0,55.0,64.0,85.9,27.0,37.0,73.0,10.0,16.0,62.5,0,0.4,0.5,-0.4,4.0,10.0,7.0,2.0,12.0
Ousmane Dembélé,FW,France,25,1997,4.8,144.0,191.0,75.4,2330.0,475.0,76.0,89.0,85.4,51.0,63.0,81.0,12.0,25.0,48.0,2,1.6,1.0,0.4,11.0,7.0,13.0,6.0,10.0
Pablo Sarabia,FW,Spain,30,1992,0.0,2.0,5.0,40.0,39.0,28.0,1.0,1.0,100.0,1.0,2.0,50.0,0.0,1.0,0.0,0,0.2,0.0,-0.2,2.0,0.0,1.0,1.0,0.0
Paik Seung-ho,MF,Korea Republic,25,1997,0.3,20.0,27.0,74.1,260.0,57.0,10.0,14.0,71.4,7.0,9.0,77.8,1.0,1.0,100.0,0,0.0,0.0,0.0,0.0,3.0,1.0,0.0,2.0
Pape Abou Cissé,DF,Senegal,27,1995,1.2,28.0,37.0,75.7,666.0,282.0,8.0,9.0,88.9,14.0,16.0,87.5,6.0,12.0,50.0,0,0.0,0.0,0.0,0.0,2.0,0.0,0.0,0.0
Pape Gueye,MF,Senegal,23,1999,1.7,45.0,62.0,72.6,811.0,205.0,23.0,27.0,85.2,13.0,15.0,86.7,9.0,14.0,64.3,0,0.2,0.1,-0.2,2.0,5.0,2.0,1.0,4.0
Pape Matar Sarr,MF,Senegal,20,2002,0.7,36.0,43.0,83.7,639.0,174.0,17.0,19.0,89.5,12.0,15.0,80.0,5.0,6.0,83.3,0,0.0,0.1,0.0,1.0,3.0,1.0,0.0,2.0
Papu Gómez,MF,Argentina,34,1988,1.2,53.0,60.0,88.3,671.0,74.0,40.0,43.0,93.0,11.0,12.0,91.7,2.0,2.0,100.0,0,0.0,0.0,0.0,0.0,2.0,0.0,0.0,2.0
Pathé Ciss,MF,Senegal,28,1994,1.6,46.0,57.0,80.7,816.0,255.0,19.0,23.0,82.6,17.0,21.0,81.0,5.0,5.0,100.0,0,0.0,0.0,0.0,0.0,6.0,1.0,0.0,8.0
Pau Torres,DF,Spain,25,1997,1.0,174.0,191.0,91.1,3177.0,815.0,51.0,54.0,94.4,111.0,120.0,92.5,11.0,14.0,78.6,0,0.0,0.0,0.0,0.0,11.0,0.0,0.0,3.0
Paulo Dybala,FW,Argentina,29,1993,0.2,8.0,12.0,66.7,100.0,35.0,4.0,7.0,57.1,3.0,4.0,75.0,0.0,0.0,,0,0.2,0.1,-0.2,1.0,0.0,1.0,0.0,2.0
Pedri,MF,Spain,20,2002,4.0,393.0,434.0,90.6,7400.0,1439.0,160.0,168.0,95.2,175.0,185.0,94.6,52.0,58.0,89.7,0,0.8,0.9,-0.8,5.0,71.0,6.0,0.0,33.0
Pedro,FW,Brazil,25,1997,0.7,10.0,13.0,76.9,100.0,10.0,6.0,9.0,66.7,2.0,2.0,100.0,0.0,0.0,,0,0.0,0.0,0.0,0.0,0.0,0.0,0.0,0.0
Pepe,DF,Portugal,39,1983,4.0,243.0,295.0,82.4,4602.0,1638.0,109.0,119.0,91.6,108.0,122.0,88.5,26.0,49.0,53.1,0,0.0,0.0,0.0,0.0,18.0,0.0,0.0,10.0
Pervis Estupiñán,DF,Ecuador,24,1998,3.0,148.0,190.0,77.9,2524.0,886.0,74.0,78.0,94.9,52.0,67.0,77.6,18.0,33.0,54.5,0,0.3,0.4,-0.3,5.0,8.0,4.0,3.0,10.0
Phil Foden,FW,England,22,2000,2.9,90.0,117.0,76.9,1444.0,292.0,57.0,67.0,85.1,23.0,27.0,85.2,7.0,16.0,43.8,2,0.6,0.4,1.4,6.0,3.0,1.0,0.0,5.0
Piero Hincapié,DF,Ecuador,20,2002,3.0,168.0,200.0,84.0,3418.0,947.0,52.0,55.0,94.5,97.0,107.0,90.7,19.0,34.0,55.9,0,0.0,0.0,0.0,0.0,10.0,1.0,0.0,8.0
Pierre Højbjerg,MF,Denmark,27,1995,3.0,200.0,224.0,89.3,3784.0,1123.0,95.0,102.0,93.1,68.0,75.0,90.7,35.0,44.0,79.5,0,0.0,0.1,0.0,1.0,30.0,2.0,0.0,21.0
Pierre Kunde,MF,Cameroon,27,1995,1.5,38.0,49.0,77.6,751.0,264.0,17.0,20.0,85.0,12.0,14.0,85.7,7.0,11.0,63.6,0,0.1,0.2,-0.1,1.0,8.0,1.0,0.0,4.0
Piotr Zieliński,MF,Poland,28,1994,3.6,124.0,153.0,81.0,2125.0,676.0,54.0,59.0,91.5,52.0,60.0,86.7,11.0,24.0,45.8,0,0.4,0.4,-0.4,7.0,14.0,1.0,1.0,8.0
Przemysław Frankowski,MF,Poland,27,1995,2.7,49.0,74.0,66.2,729.0,228.0,26.0,33.0,78.8,18.0,22.0,81.8,2.0,8.0,25.0,0,0.2,0.1,-0.2,1.0,5.0,2.0,1.0,3.0
Rafael Leão,FW,Portugal,23,1999,1.0,32.0,47.0,68.1,412.0,92.0,21.0,23.0,91.3,7.0,13.0,53.8,2.0,7.0,28.6,0,0.2,0.2,-0.2,1.0,0.0,1.0,1.0,3.0
Raheem Sterling,FW,England,28,1994,1.7,45.0,55.0,81.8,644.0,96.0,21.0,23.0,91.3,21.0,25.0,84.0,0.0,2.0,0.0,1,0.1,0.1,0.9,1.0,2.0,0.0,0.0,2.0
Ramin Rezaeian,DF,IR Iran,32,1990,2.0,73.0,105.0,69.5,1240.0,681.0,37.0,40.0,92.5,25.0,36.0,69.4,9.0,26.0,34.6,0,0.3,0.5,-0.3,3.0,2.0,4.0,1.0,5.0
Randal Kolo Muani,FW,France,24,1998,2.0,25.0,44.0,56.8,325.0,36.0,19.0,28.0,67.9,6.0,9.0,66.7,0.0,0.0,,0,0.0,0.0,0.0,0.0,2.0,0.0,0.0,0.0
Raphaël Guerreiro,DF,Portugal,29,1993,3.1,156.0,185.0,84.3,2301.0,856.0,87.0,95.0,91.6,56.0,68.0,82.4,8.0,14.0,57.1,2,0.6,0.7,1.4,6.0,9.0,4.0,2.0,14.0
Raphaël Varane,DF,France,29,1993,5.8,256.0,286.0,89.5,5127.0,1468.0,78.0,85.0,91.8,155.0,162.0,95.7,23.0,38.0,60.5,0,0.0,0.0,0.0,0.0,20.0,0.0,0.0,5.0
Raphinha,FW,Brazil,26,1996,3.5,111.0,150.0,74.0,1916.0,435.0,53.0,59.0,89.8,43.0,59.0,72.9,12.0,22.0,54.5,1,1.3,0.9,-0.3,8.0,5.0,5.0,1.0,11.0
Rasmus Nissen,DF,Denmark,25,1997,2.5,137.0,179.0,76.5,1979.0,746.0,73.0,82.0,89.0,58.0,76.0,76.3,3.0,10.0,30.0,0,0.0,0.1,0.0,1.0,13.0,2.0,0.0,19.0
Raúl Jiménez,FW,Mexico,31,1991,0.7,20.0,32.0,62.5,312.0,110.0,12.0,18.0,66.7,4.0,5.0,80.0,3.0,4.0,75.0,0,0.0,0.0,0.0,0.0,3.0,1.0,0.0,3.0
Remo Freuler,MF,Switzerland,30,1992,3.6,127.0,154.0,82.5,1914.0,451.0,68.0,77.0,88.3,51.0,57.0,89.5,5.0,11.0,45.5,0,0.0,0.1,0.0,0.0,11.0,1.0,0.0,11.0
Renato Steffen,FW,Switzerland,31,1991,0.4,13.0,15.0,86.7,170.0,43.0,7.0,8.0,87.5,5.0,5.0,100.0,0.0,1.0,0.0,0,0.0,0.1,0.0,0.0,1.0,1.0,0.0,2.0
Ricardo Horta,FW,Portugal,28,1994,1.3,31.0,46.0,67.4,368.0,54.0,18.0,21.0,85.7,9.0,18.0,50.0,0.0,2.0,0.0,0,0.1,0.1,-0.1,1.0,1.0,1.0,0.0,2.0
Ricardo Rodríguez,DF,Switzerland,30,1992,4.0,164.0,229.0,71.6,2840.0,949.0,78.0,90.0,86.7,66.0,91.0,72.5,18.0,35.0,51.4,0,0.2,0.3,-0.2,2.0,18.0,2.0,0.0,10.0
Richarlison,FW,Brazil,25,1997,3.6,40.0,58.0,69.0,496.0,89.0,25.0,33.0,75.8,11.0,16.0,68.8,1.0,2.0,50.0,0,1.0,0.4,-1.0,6.0,2.0,3.0,0.0,3.0
Richie Laryea,DF,Canada,27,1995,1.8,35.0,47.0,74.5,586.0,125.0,18.0,22.0,81.8,11.0,16.0,68.8,3.0,3.0,100.0,0,0.5,0.3,-0.5,4.0,1.0,1.0,1.0,0.0
Riley McGree,FW,Australia,24,1998,2.9,57.0,75.0,76.0,800.0,191.0,31.0,37.0,83.8,19.0,25.0,76.0,3.0,5.0,60.0,1,0.6,0.3,0.4,4.0,5.0,2.0,1.0,3.0
Ritsu Doan,FW,Japan,24,1998,2.4,36.0,56.0,64.3,625.0,195.0,22.0,28.0,78.6,7.0,11.0,63.6,6.0,10.0,60.0,0,0.2,0.4,-0.2,3.0,2.0,2.0,1.0,5.0
Riyadh Sharahili,MF,Saudi Arabia,29,1993,0.6,14.0,17.0,82.4,203.0,54.0,8.0,8.0,100.0,5.0,5.0,100.0,1.0,3.0,33.3,0,0.0,0.0,0.0,1.0,0.0,0.0,0.0,0.0
Roan Wilson,MF,Costa Rica,20,2002,0.0,4.0,4.0,100.0,52.0,0.0,4.0,4.0,100.0,0.0,0.0,,0.0,0.0,,0,0.0,0.0,0.0,0.0,0.0,0.0,0.0,0.0
Robert Lewandowski,FW,Poland,34,1988,4.0,61.0,91.0,67.0,859.0,177.0,36.0,47.0,76.6,20.0,27.0,74.1,3.0,6.0,50.0,1,0.4,0.4,0.6,5.0,9.0,1.0,0.0,6.0
Robert Skov,DF,Denmark,26,1996,0.2,17.0,21.0,81.0,281.0,55.0,7.0,8.0,87.5,9.0,9.0,100.0,1.0,3.0,33.3,0,0.0,0.4,0.0,0.0,1.0,1.0,1.0,2.0
Roberto Alvarado,FW,Mexico,24,1998,0.2,5.0,10.0,50.0,50.0,5.0,4.0,6.0,66.7,1.0,4.0,25.0,0.0,0.0,,0,0.0,0.0,0.0,0.0,0.0,0.0,0.0,0.0
Rodri,DF,Spain,26,1996,4.3,642.0,689.0,93.2,12636.0,3349.0,172.0,180.0,95.6,416.0,435.0,95.6,50.0,68.0,73.5,0,0.2,0.2,-0.2,4.0,46.0,2.0,1.0,25.0
Rodrigo Bentancur,MF,Uruguay,25,1997,2.4,136.0,160.0,85.0,2417.0,762.0,62.0,70.0,88.6,56.0,66.0,84.8,14.0,17.0,82.4,0,0.1,0.1,-0.1,2.0,16.0,1.0,1.0,11.0
Rodrigo De Paul,MF,Argentina,28,1994,6.7,470.0,562.0,83.6,6959.0,1454.0,281.0,306.0,91.8,164.0,192.0,85.4,18.0,38.0,47.4,0,0.3,0.4,-0.3,7.0,35.0,7.0,1.0,18.0
Rodrygo,MF,Brazil,21,2001,2.0,91.0,113.0,80.5,1201.0,240.0,53.0,61.0,86.9,28.0,34.0,82.4,4.0,10.0,40.0,1,0.4,0.6,0.6,6.0,4.0,3.0,0.0,7.0
Rogelio Funes Mori,FW,Mexico,31,1991,0.1,0.0,0.0,,0.0,0.0,0.0,0.0,,0.0,0.0,,0.0,0.0,,0,0.0,0.0,0.0,0.0,0.0,0.0,0.0,0.0
Romain Saïss,DF,Morocco,32,1990,5.2,159.0,199.0,79.9,3400.0,1479.0,44.0,47.0,93.6,89.0,102.0,87.3,24.0,46.0,52.2,0,0.0,0.0,0.0,0.0,8.0,1.0,0.0,7.0
Romario Ibarra,MF,Ecuador,28,1994,0.8,10.0,14.0,71.4,121.0,32.0,7.0,11.0,63.6,2.0,2.0,100.0,0.0,0.0,,0,0.0,0.0,0.0,0.0,1.0,0.0,0.0,0.0
Romelu Lukaku,FW,Belgium,29,1993,0.6,6.0,9.0,66.7,67.0,0.0,5.0,6.0,83.3,1.0,3.0,33.3,0.0,0.0,,0,0.0,0.1,0.0,1.0,0.0,0.0,0.0,0.0
Roozbeh Cheshmi,DF,IR Iran,29,1993,0.6,7.0,11.0,63.6,125.0,33.0,2.0,3.0,66.7,5.0,7.0,71.4,0.0,1.0,0.0,0,0.0,0.0,0.0,0.0,0.0,0.0,0.0,0.0
Ruben Vargas,FW,Switzerland,24,1998,3.2,80.0,117.0,68.4,1111.0,305.0,50.0,57.0,87.7,25.0,40.0,62.5,3.0,9.0,33.3,1,0.6,0.7,0.4,5.0,4.0,1.0,0.0,5.0
Rubin Colwill,MF,Wales,20,2002,0.1,2.0,4.0,50.0,26.0,12.0,2.0,2.0,100.0,0.0,0.0,,0.0,2.0,0.0,0,0.0,0.0,0.0,0.0,0.0,0.0,0.0,0.0
Ró-Ró,DF,Qatar,32,1990,2.9,78.0,108.0,72.2,1324.0,355.0,47.0,51.0,92.2,25.0,31.0,80.6,5.0,19.0,26.3,0,0.0,0.1,0.0,0.0,4.0,2.0,0.0,4.0
Rónald Matarrita,DF,Costa Rica,28,1994,0.3,18.0,29.0,62.1,298.0,173.0,10.0,11.0,90.9,6.0,12.0,50.0,2.0,4.0,50.0,0,0.0,0.0,0.0,0.0,2.0,0.0,0.0,0.0
Rúben Dias,DF,Portugal,25,1997,4.0,248.0,274.0,90.5,4633.0,1508.0,85.0,89.0,95.5,138.0,145.0,95.2,22.0,35.0,62.9,0,0.0,0.0,0.0,0.0,13.0,0.0,0.0,11.0
Rúben Neves,MF,Portugal,25,1997,3.0,235.0,257.0,91.4,4772.0,1089.0,84.0,84.0,100.0,112.0,118.0,94.9,37.0,46.0,80.4,0,0.0,0.1,0.0,2.0,23.0,2.0,0.0,13.0
Saad Al Sheeb,GK,Qatar,32,1990,1.0,18.0,20.0,90.0,409.0,287.0,5.0,5.0,100.0,8.0,8.0,100.0,4.0,6.0,66.7,0,0.0,0.0,0.0,0.0,0.0,0.0,0.0,0.0
Sadegh Moharrami,DF,IR Iran,26,1996,1.0,18.0,26.0,69.2,204.0,92.0,14.0,14.0,100.0,3.0,9.0,33.3,0.0,0.0,,0,0.0,0.0,0.0,0.0,0.0,0.0,0.0,0.0
Saeid Ezatolahi,MF,IR Iran,26,1996,2.4,66.0,88.0,75.0,1382.0,474.0,26.0,30.0,86.7,25.0,34.0,73.5,14.0,22.0,63.6,0,0.2,0.4,-0.2,2.0,7.0,4.0,1.0,4.0
Saleh Al-Shehri,FW,Saudi Arabia,29,1993,2.5,29.0,47.0,61.7,351.0,40.0,15.0,20.0,75.0,7.0,11.0,63.6,2.0,2.0,100.0,0,0.1,0.0,-0.1,2.0,4.0,0.0,0.0,0.0
Salem Al-Dawsari,MF,Saudi Arabia,31,1991,3.0,86.0,111.0,77.5,1344.0,355.0,44.0,52.0,84.6,25.0,29.0,86.2,9.0,14.0,64.3,0,0.2,0.4,-0.2,6.0,11.0,6.0,0.0,11.0
Salis Abdul Samed,MF,Ghana,22,2000,2.8,129.0,145.0,89.0,2046.0,466.0,70.0,70.0,100.0,49.0,54.0,90.7,9.0,15.0,60.0,0,0.0,0.1,0.0,1.0,11.0,0.0,0.0,2.0
Salman Al-Faraj,MF,Saudi Arabia,33,1989,0.5,12.0,16.0,75.0,174.0,65.0,8.0,8.0,100.0,3.0,4.0,75.0,1.0,2.0,50.0,0,0.0,0.0,0.0,0.0,0.0,1.0,1.0,0.0
Sam Adekugbe,DF,Canada,27,1995,1.1,63.0,71.0,88.7,1003.0,311.0,31.0,33.0,93.9,27.0,28.0,96.4,4.0,7.0,57.1,0,0.1,0.1,-0.1,1.0,4.0,2.0,2.0,4.0
Saman Ghoddos,MF,IR Iran,29,1993,0.5,15.0,20.0,75.0,193.0,39.0,10.0,10.0,100.0,5.0,6.0,83.3,0.0,3.0,0.0,0,0.0,0.0,0.0,1.0,0.0,0.0,0.0,2.0
Sami Al-Najei,MF,Saudi Arabia,25,1997,0.5,13.0,21.0,61.9,200.0,64.0,8.0,10.0,80.0,3.0,7.0,42.9,1.0,3.0,33.3,0,0.0,0.2,0.0,0.0,0.0,0.0,0.0,0.0
Samuel Oum Gouet,MF,Cameroon,25,1997,1.1,52.0,59.0,88.1,884.0,306.0,23.0,23.0,100.0,20.0,22.0,90.9,6.0,11.0,54.5,0,0.0,0.0,0.0,0.0,6.0,0.0,0.0,3.0
Sardar Azmoun,FW,IR Iran,27,1995,1.4,18.0,30.0,60.0,225.0,85.0,8.0,14.0,57.1,7.0,8.0,87.5,0.0,1.0,0.0,0,0.1,0.2,-0.1,1.0,3.0,1.0,0.0,2.0
Saud Abdulhamid,DF,Saudi Arabia,23,1999,3.0,88.0,122.0,72.1,1395.0,541.0,40.0,46.0,87.0,38.0,54.0,70.4,6.0,11.0,54.5,0,0.0,0.1,0.0,2.0,9.0,4.0,1.0,11.0
Saša Lukič,MF,Serbia,26,1996,2.7,143.0,162.0,88.3,2488.0,505.0,60.0,67.0,89.6,70.0,76.0,92.1,10.0,13.0,76.9,0,0.0,0.1,0.0,0.0,12.0,1.0,1.0,5.0
Sebastian Szymański,MF,Poland,23,1999,1.5,26.0,41.0,63.4,442.0,138.0,14.0,20.0,70.0,9.0,12.0,75.0,2.0,3.0,66.7,0,0.0,0.1,0.0,0.0,3.0,0.0,0.0,2.0
Sebastián Coates,DF,Uruguay,32,1990,2.0,76.0,93.0,81.7,1425.0,583.0,33.0,38.0,86.8,31.0,35.0,88.6,12.0,18.0,66.7,0,0.0,0.0,0.0,0.0,10.0,0.0,0.0,7.0
Selim Amallah,MF,Morocco,26,1996,4.5,65.0,87.0,74.7,840.0,176.0,42.0,48.0,87.5,17.0,23.0,73.9,3.0,9.0,33.3,0,0.1,0.1,-0.1,3.0,4.0,2.0,0.0,4.0
Serge Gnabry,FW,Germany,27,1995,2.9,86.0,118.0,72.9,1060.0,281.0,56.0,72.0,77.8,21.0,25.0,84.0,3.0,3.0,100.0,1,1.5,0.7,-0.5,6.0,1.0,4.0,3.0,3.0
Sergej Milinkovič-Savič,MF,Serbia,27,1995,2.6,87.0,120.0,72.5,1467.0,405.0,44.0,55.0,80.0,33.0,41.0,80.5,8.0,16.0,50.0,0,0.0,0.2,0.0,0.0,9.0,2.0,0.0,10.0
Sergio Busquets,MF,Spain,34,1988,4.0,261.0,289.0,90.3,4222.0,1044.0,124.0,136.0,91.2,111.0,118.0,94.1,16.0,20.0,80.0,0,0.1,0.2,-0.1,3.0,31.0,3.0,0.0,17.0
Sergio Rochet,GK,Uruguay,29,1993,3.0,54.0,78.0,69.2,1262.0,1003.0,17.0,17.0,100.0,27.0,28.0,96.4,10.0,33.0,30.3,0,0.0,0.0,0.0,0.0,0.0,0.0,0.0,0.0
Sergiño Dest,DF,United States,22,2000,3.4,172.0,200.0,86.0,2635.0,848.0,101.0,105.0,96.2,60.0,67.0,89.6,8.0,15.0,53.3,1,0.5,0.5,0.5,3.0,15.0,2.0,1.0,13.0
Shaquell Moore,DF,United States,26,1996,0.2,14.0,21.0,66.7,218.0,85.0,9.0,11.0,81.8,4.0,6.0,66.7,1.0,4.0,25.0,0,0.0,0.0,0.0,0.0,1.0,0.0,0.0,0.0
Shogo Taniguchi,DF,Japan,31,1991,2.3,72.0,85.0,84.7,1299.0,480.0,40.0,42.0,95.2,23.0,27.0,85.2,9.0,14.0,64.3,0,0.0,0.0,0.0,0.0,10.0,0.0,0.0,2.0
Shūichi Gonda,GK,Japan,33,1989,4.3,68.0,113.0,60.2,1770.0,1301.0,20.0,20.0,100.0,32.0,33.0,97.0,16.0,59.0,27.1,0,0.0,0.0,0.0,0.0,1.0,0.0,0.0,0.0
Silvan Widmer,DF,Switzerland,29,1993,2.9,127.0,169.0,75.1,2070.0,814.0,62.0,70.0,88.6,53.0,70.0,75.7,10.0,20.0,50.0,1,0.8,0.9,0.2,2.0,12.0,3.0,2.0,10.0
Simon Kjær,DF,Denmark,33,1989,0.7,50.0,59.0,84.7,989.0,462.0,20.0,24.0,83.3,25.0,28.0,89.3,5.0,7.0,71.4,0,0.0,0.0,0.0,0.0,3.0,1.0,0.0,4.0
Sofiane Boufal,FW,Morocco,29,1993,5.3,99.0,133.0,74.4,1645.0,469.0,58.0,71.0,81.7,25.0,36.0,69.4,12.0,17.0,70.6,0,0.3,0.5,-0.3,4.0,10.0,6.0,2.0,14.0
Sofyan Amrabat,MF,Morocco,26,1996,7.3,269.0,322.0,83.5,4620.0,1365.0,114.0,129.0,88.4,123.0,136.0,90.4,24.0,36.0,66.7,0,0.1,0.1,-0.1,2.0,10.0,1.0,0.0,16.0
Son Heung-min,FW,Korea Republic,30,1992,4.0,77.0,115.0,67.0,1199.0,263.0,41.0,46.0,89.1,26.0,37.0,70.3,7.0,21.0,33.3,1,1.0,0.7,0.0,7.0,1.0,3.0,1.0,3.0
Son Jun-ho,MF,Korea Republic,30,1992,0.8,55.0,59.0,93.2,1190.0,408.0,21.0,22.0,95.5,23.0,24.0,95.8,11.0,13.0,84.6,0,0.0,0.0,0.0,0.0,10.0,0.0,0.0,5.0
Sorba Thomas,MF,Wales,23,1999,0.0,3.0,4.0,75.0,64.0,24.0,0.0,0.0,,1.0,1.0,100.0,1.0,2.0,50.0,0,0.0,0.0,0.0,0.0,0.0,1.0,1.0,0.0
Srđan Babič,DF,Serbia,26,1996,0.1,10.0,16.0,62.5,231.0,66.0,2.0,4.0,50.0,5.0,6.0,83.3,3.0,6.0,50.0,0,0.0,0.0,0.0,0.0,0.0,0.0,0.0,0.0
Stefan Mitrovič,DF,Serbia,32,1990,0.4,18.0,21.0,85.7,313.0,111.0,7.0,8.0,87.5,8.0,9.0,88.9,2.0,3.0,66.7,0,0.0,0.0,0.0,0.0,0.0,0.0,0.0,0.0
Stephen Eustáquio,MF,Canada,26,1996,1.4,83.0,93.0,89.2,1443.0,497.0,40.0,41.0,97.6,29.0,29.0,100.0,12.0,17.0,70.6,0,0.2,0.3,-0.2,2.0,8.0,3.0,0.0,10.0
Steve Mandanda,GK,France,37,1985,1.0,19.0,31.0,61.3,414.0,303.0,2.0,2.0,100.0,15.0,15.0,100.0,2.0,14.0,14.3,0,0.0,0.0,0.0,0.0,0.0,0.0,0.0,0.0
Steven Berghuis,MF,Netherlands,31,1991,2.2,97.0,131.0,74.0,1789.0,507.0,41.0,51.0,80.4,33.0,44.0,75.0,17.0,24.0,70.8,1,0.1,0.2,0.9,2.0,17.0,2.0,1.0,8.0
Steven Bergwijn,FW,Netherlands,25,1997,2.4,64.0,72.0,88.9,679.0,79.0,46.0,51.0,90.2,10.0,11.0,90.9,2.0,3.0,66.7,0,0.0,0.3,0.0,0.0,2.0,1.0,0.0,2.0
Steven Vitória,DF,Canada,35,1987,3.0,160.0,186.0,86.0,2837.0,1119.0,77.0,83.0,92.8,66.0,70.0,94.3,16.0,30.0,53.3,0,0.0,0.0,0.0,0.0,8.0,0.0,0.0,8.0
Strahinja Pavlovič,DF,Serbia,21,2001,2.6,121.0,156.0,77.6,1987.0,944.0,55.0,66.0,83.3,54.0,66.0,81.8,8.0,17.0,47.1,0,0.0,0.1,0.0,0.0,15.0,0.0,0.0,13.0
Sultan Al-Ghanam,DF,Saudi Arabia,28,1994,1.4,34.0,52.0,65.4,489.0,245.0,23.0,27.0,85.2,9.0,14.0,64.3,2.0,8.0,25.0,0,0.1,0.1,-0.1,1.0,0.0,2.0,2.0,5.0
Taha Yassine Khenissi,FW,Tunisia,30,1992,0.3,2.0,6.0,33.3,27.0,0.0,1.0,1.0,100.0,1.0,2.0,50.0,0.0,0.0,,0,0.1,0.0,-0.1,1.0,1.0,0.0,0.0,0.0
Tajon Buchanan,MF,Canada,23,1999,2.9,61.0,89.0,68.5,806.0,261.0,40.0,47.0,85.1,18.0,27.0,66.7,1.0,8.0,12.5,1,0.5,0.5,0.5,4.0,5.0,4.0,2.0,7.0
Takefusa Kubo,FW,Japan,21,2001,1.0,6.0,11.0,54.5,87.0,23.0,4.0,6.0,66.7,2.0,5.0,40.0,0.0,0.0,,0,0.0,0.0,0.0,0.0,0.0,1.0,0.0,1.0
Takehiro Tomiyasu,DF,Japan,24,1998,2.1,73.0,103.0,70.9,1188.0,500.0,36.0,43.0,83.7,32.0,41.0,78.0,4.0,18.0,22.2,0,0.2,0.1,-0.2,3.0,6.0,2.0,0.0,4.0
Takuma Asano,FW,Japan,28,1994,1.8,21.0,28.0,75.0,227.0,44.0,12.0,15.0,80.0,4.0,6.0,66.7,1.0,1.0,100.0,0,0.2,0.0,-0.2,2.0,3.0,0.0,0.0,0.0
Takumi Minamino,FW,Japan,27,1995,0.7,14.0,22.0,63.6,200.0,34.0,9.0,11.0,81.8,4.0,5.0,80.0,1.0,5.0,20.0,0,0.0,0.0,0.0,0.0,0.0,1.0,1.0,0.0
Tarek Salman,DF,Qatar,25,1997,0.1,7.0,10.0,70.0,122.0,34.0,3.0,3.0,100.0,4.0,4.0,100.0,0.0,2.0,0.0,0,0.0,0.0,0.0,0.0,1.0,0.0,0.0,0.0
Tariq Lamptey,DF,Ghana,22,2000,1.1,21.0,34.0,61.8,315.0,88.0,11.0,13.0,84.6,10.0,16.0,62.5,0.0,4.0,0.0,0,0.0,0.0,0.0,0.0,0.0,2.0,1.0,2.0
Teun Koopmeiners,MF,Netherlands,24,1998,2.4,90.0,119.0,75.6,1448.0,490.0,47.0,53.0,88.7,36.0,42.0,85.7,6.0,11.0,54.5,1,0.2,0.1,0.8,2.0,9.0,0.0,0.0,6.0
Theo Hernández,DF,France,25,1997,5.6,289.0,339.0,85.3,4672.0,1347.0,156.0,169.0,92.3,105.0,119.0,88.2,25.0,39.0,64.1,2,1.2,1.0,0.8,11.0,23.0,7.0,5.0,16.0
Thiago Almada,MF,Argentina,21,2001,0.1,13.0,13.0,100.0,207.0,26.0,5.0,5.0,100.0,7.0,7.0,100.0,0.0,0.0,,0,0.2,0.1,-0.2,1.0,0.0,1.0,0.0,1.0
Thiago Silva,DF,Brazil,38,1984,4.3,322.0,344.0,93.6,6145.0,2410.0,115.0,120.0,95.8,174.0,181.0,96.1,32.0,39.0,82.1,1,0.9,0.6,0.1,4.0,15.0,3.0,1.0,15.0
Thibaut Courtois,GK,Belgium,30,1992,3.0,108.0,123.0,87.8,2642.0,1731.0,20.0,20.0,100.0,66.0,66.0,100.0,22.0,37.0,59.5,0,0.0,0.0,0.0,0.0,2.0,0.0,0.0,0.0
Thilo Kehrer,DF,Germany,26,1996,0.8,22.0,29.0,75.9,356.0,155.0,12.0,15.0,80.0,7.0,9.0,77.8,2.0,2.0,100.0,0,0.0,0.0,0.0,0.0,1.0,0.0,0.0,1.0
Thomas Delaney,MF,Denmark,31,1991,0.5,24.0,29.0,82.8,394.0,73.0,11.0,12.0,91.7,11.0,13.0,84.6,1.0,2.0,50.0,0,0.0,0.0,0.0,0.0,3.0,0.0,0.0,1.0
Thomas Meunier,DF,Belgium,31,1991,2.3,110.0,147.0,74.8,2169.0,632.0,37.0,44.0,84.1,58.0,70.0,82.9,15.0,28.0,53.6,0,0.5,0.0,-0.5,3.0,8.0,2.0,0.0,9.0
Thomas Müller,FW,Germany,33,1989,2.2,56.0,78.0,71.8,722.0,184.0,35.0,44.0,79.5,14.0,19.0,73.7,2.0,4.0,50.0,0,0.6,0.5,-0.6,8.0,2.0,4.0,1.0,6.0
Thomas Partey,MF,Ghana,29,1993,3.0,146.0,176.0,83.0,2483.0,822.0,67.0,76.0,88.2,58.0,65.0,89.2,16.0,25.0,64.0,0,0.1,0.2,-0.1,2.0,18.0,2.0,0.0,14.0
Thorgan Hazard,FW,Belgium,29,1993,1.2,40.0,58.0,69.0,764.0,231.0,14.0,21.0,66.7,20.0,23.0,87.0,4.0,8.0,50.0,0,1.3,0.8,-1.3,6.0,2.0,1.0,0.0,4.0
Tim Ream,DF,United States,35,1987,4.0,245.0,276.0,88.8,5012.0,1646.0,66.0,70.0,94.3,153.0,163.0,93.9,25.0,37.0,67.6,0,0.0,0.0,0.0,0.0,18.0,0.0,0.0,17.0
Timothy Castagne,DF,Belgium,27,1995,3.0,176.0,202.0,87.1,3309.0,951.0,65.0,68.0,95.6,92.0,107.0,86.0,18.0,21.0,85.7,0,0.0,0.1,0.0,0.0,15.0,0.0,0.0,9.0
Timothy Weah,FW,United States,22,2000,3.5,90.0,108.0,83.3,1291.0,206.0,58.0,67.0,86.6,21.0,23.0,91.3,7.0,10.0,70.0,0,0.4,0.2,-0.4,6.0,6.0,2.0,2.0,4.0
Toby Alderweireld,DF,Belgium,33,1989,3.0,248.0,273.0,90.8,5259.0,1904.0,58.0,60.0,96.7,166.0,172.0,96.5,24.0,39.0,61.5,1,0.3,0.4,0.7,1.0,17.0,2.0,0.0,10.0
Trent Alexander-Arnold,DF,England,24,1998,0.4,21.0,23.0,91.3,361.0,167.0,8.0,8.0,100.0,13.0,13.0,100.0,0.0,1.0,0.0,0,0.0,0.0,0.0,0.0,0.0,1.0,0.0,3.0
Tyler Adams,MF,United States,23,1999,4.0,241.0,271.0,88.9,4348.0,1095.0,111.0,121.0,91.7,103.0,110.0,93.6,24.0,27.0,88.9,0,0.4,0.4,-0.4,2.0,23.0,3.0,0.0,17.0
Unai Simón,GK,Spain,25,1997,4.3,150.0,160.0,93.8,3167.0,2017.0,38.0,38.0,100.0,92.0,95.0,96.8,20.0,27.0,74.1,0,0.0,0.0,0.0,0.0,0.0,0.0,0.0,1.0
Uriel Antuna,FW,Mexico,25,1997,0.9,12.0,20.0,60.0,169.0,43.0,8.0,10.0,80.0,3.0,4.0,75.0,1.0,2.0,50.0,0,0.0,0.1,0.0,1.0,0.0,1.0,1.0,0.0
Vanja Milinkovič-Savič,GK,Serbia,25,1997,3.0,90.0,125.0,72.0,2523.0,1707.0,11.0,11.0,100.0,57.0,58.0,98.3,22.0,56.0,39.3,0,0.0,0.0,0.0,0.0,4.0,0.0,0.0,0.0
Victor Nelsson,DF,Denmark,24,1998,1.0,69.0,74.0,93.2,1263.0,355.0,24.0,25.0,96.0,40.0,42.0,95.2,4.0,5.0,80.0,0,0.0,0.0,0.0,0.0,8.0,0.0,0.0,11.0
Vincent Aboubakar,FW,Cameroon,30,1992,1.6,20.0,31.0,64.5,343.0,53.0,9.0,13.0,69.2,7.0,13.0,53.8,3.0,3.0,100.0,1,0.6,0.3,0.4,2.0,2.0,0.0,0.0,2.0
Vincent Janssen,FW,Netherlands,28,1994,1.0,16.0,20.0,80.0,191.0,21.0,11.0,14.0,78.6,4.0,4.0,100.0,0.0,0.0,,0,0.0,0.0,0.0,1.0,2.0,2.0,0.0,2.0
Vinicius Júnior,FW,Brazil,22,2000,3.3,68.0,90.0,75.6,853.0,146.0,46.0,52.0,88.5,20.0,28.0,71.4,1.0,4.0,25.0,2,0.7,0.8,1.3,8.0,5.0,3.0,0.0,3.0
Virgil van Dijk,DF,Netherlands,31,1991,5.3,311.0,356.0,87.4,6371.0,2470.0,94.0,102.0,92.2,179.0,194.0,92.3,38.0,57.0,66.7,0,0.1,0.1,-0.1,2.0,7.0,1.0,0.0,15.0
Vitinha,MF,Portugal,22,2000,1.3,100.0,108.0,92.6,1762.0,378.0,51.0,54.0,94.4,36.0,39.0,92.3,12.0,13.0,92.3,0,0.0,0.1,0.0,1.0,15.0,2.0,0.0,9.0
Wahbi Khazri,FW,Tunisia,31,1991,0.9,13.0,20.0,65.0,268.0,113.0,4.0,5.0,80.0,6.0,6.0,100.0,2.0,6.0,33.3,0,0.0,0.0,0.0,0.0,3.0,1.0,0.0,2.0
Wajdi Kechrida,DF,Tunisia,27,1995,1.2,44.0,69.0,63.8,741.0,338.0,20.0,25.0,80.0,21.0,26.0,80.8,3.0,10.0,30.0,0,0.1,0.1,-0.1,1.0,3.0,2.0,0.0,4.0
Walid Cheddira,FW,Morocco,24,1998,0.7,4.0,8.0,50.0,51.0,28.0,4.0,4.0,100.0,0.0,3.0,0.0,0.0,0.0,,0,0.0,0.0,0.0,0.0,1.0,0.0,0.0,1.0
Walker Zimmerman,DF,United States,29,1993,3.1,217.0,244.0,88.9,4157.0,1373.0,72.0,78.0,92.3,127.0,132.0,96.2,17.0,29.0,58.6,0,0.0,0.0,0.0,0.0,6.0,0.0,0.0,3.0
Wataru Endo,MF,Japan,29,1993,3.4,155.0,192.0,80.7,2423.0,599.0,80.0,86.0,93.0,64.0,77.0,83.1,7.0,16.0,43.8,0,0.5,0.4,-0.5,4.0,12.0,2.0,1.0,9.0
Wayne Hennessey,GK,Wales,35,1987,1.9,50.0,66.0,75.8,1375.0,948.0,8.0,8.0,100.0,22.0,22.0,100.0,18.0,34.0,52.9,0,0.0,0.0,0.0,0.0,0.0,0.0,0.0,0.0
Weston McKennie,MF,United States,24,1998,3.0,117.0,153.0,76.5,2166.0,770.0,52.0,63.0,82.5,48.0,57.0,84.2,13.0,21.0,61.9,0,0.4,0.2,-0.4,4.0,16.0,5.0,1.0,17.0
William Carvalho,MF,Portugal,30,1992,2.4,156.0,170.0,91.8,2574.0,869.0,81.0,85.0,95.3,64.0,67.0,95.5,9.0,13.0,69.2,0,0.0,0.0,0.0,0.0,8.0,0.0,0.0,11.0
William Saliba,DF,France,21,2001,0.3,37.0,37.0,100.0,640.0,217.0,12.0,12.0,100.0,24.0,24.0,100.0,1.0,1.0,100.0,0,0.0,0.0,0.0,1.0,2.0,0.0,0.0,1.0
Wojciech Szczęsny,GK,Poland,32,1990,4.0,84.0,142.0,59.2,3118.0,2632.0,10.0,10.0,100.0,31.0,31.0,100.0,43.0,101.0,42.6,0,0.0,0.0,0.0,0.0,7.0,0.0,0.0,0.0
Wout Weghorst,FW,Netherlands,30,1992,0.7,9.0,15.0,60.0,115.0,32.0,4.0,6.0,66.7,2.0,6.0,33.3,1.0,1.0,100.0,0,0.0,0.0,0.0,1.0,0.0,0.0,0.0,2.0
Wéverton,GK,Brazil,35,1987,0.1,3.0,5.0,60.0,145.0,126.0,0.0,0.0,,0.0,0.0,,3.0,5.0,60.0,0,0.0,0.0,0.0,0.0,0.0,0.0,0.0,0.0
Xavi Simons,FW,Netherlands,19,2003,0.1,6.0,10.0,60.0,89.0,36.0,4.0,7.0,57.1,2.0,2.0,100.0,0.0,0.0,,0,0.0,0.1,0.0,0.0,0.0,2.0,0.0,3.0
Xherdan Shaqiri,FW,Switzerland,31,1991,2.5,67.0,104.0,64.4,981.0,337.0,38.0,43.0,88.4,21.0,30.0,70.0,4.0,17.0,23.5,1,0.9,1.0,0.1,4.0,7.0,4.0,0.0,11.0
Yahya Attiat Allah,DF,Morocco,27,1995,3.5,98.0,137.0,71.5,1593.0,728.0,46.0,54.0,85.2,41.0,56.0,73.2,9.0,18.0,50.0,1,1.2,0.3,-0.2,5.0,4.0,4.0,4.0,4.0
Yahya Jabrane,MF,Morocco,31,1991,0.2,,,,,,,,,,,,,,,0,,,,,,,,
Yann Sommer,GK,Switzerland,34,1988,3.0,108.0,118.0,91.5,2284.0,1327.0,27.0,27.0,100.0,64.0,65.0,98.5,16.0,25.0,64.0,0,0.0,0.0,0.0,0.0,0.0,0.0,0.0,0.0
Yannick Carrasco,FW,Belgium,29,1993,1.3,39.0,46.0,84.8,553.0,110.0,22.0,24.0,91.7,17.0,20.0,85.0,0.0,1.0,0.0,0,0.0,0.0,0.0,0.0,0.0,1.0,0.0,3.0
Yasser Al-Shahrani,DF,Saudi Arabia,30,1992,1.0,13.0,29.0,44.8,221.0,123.0,6.0,8.0,75.0,6.0,14.0,42.9,1.0,6.0,16.7,0,0.0,0.0,0.0,0.0,1.0,0.0,0.0,2.0
Yassine Bounou,GK,Morocco,31,1991,6.3,154.0,209.0,73.7,4346.0,3101.0,29.0,29.0,100.0,82.0,84.0,97.6,43.0,94.0,45.7,0,0.0,0.0,0.0,0.0,0.0,0.0,0.0,0.0
Yassine Meriah,DF,Tunisia,29,1993,3.0,139.0,171.0,81.3,2818.0,1041.0,36.0,41.0,87.8,91.0,100.0,91.0,12.0,29.0,41.4,0,0.0,0.0,0.0,1.0,11.0,0.0,0.0,11.0
Yeltsin Tejeda,MF,Costa Rica,30,1992,3.0,78.0,99.0,78.8,1348.0,378.0,39.0,46.0,84.8,30.0,37.0,81.1,8.0,12.0,66.7,1,0.1,0.0,0.9,1.0,6.0,1.0,0.0,7.0
Youri Tielemans,MF,Belgium,25,1997,1.1,53.0,64.0,82.8,901.0,200.0,25.0,28.0,89.3,23.0,28.0,82.1,5.0,8.0,62.5,0,0.1,0.1,-0.1,1.0,6.0,1.0,0.0,4.0
Youssef En-Nesyri,FW,Morocco,25,1997,6.0,50.0,81.0,61.7,646.0,119.0,26.0,37.0,70.3,14.0,23.0,60.9,3.0,6.0,50.0,0,0.0,0.0,0.0,1.0,3.0,0.0,0.0,1.0
Youssef Msakni,MF,Tunisia,32,1990,1.9,50.0,69.0,72.5,843.0,205.0,23.0,28.0,82.1,23.0,29.0,79.3,3.0,6.0,50.0,0,0.6,0.6,-0.6,4.0,4.0,3.0,0.0,6.0
Youssouf Fofana,MF,France,23,1999,2.5,96.0,112.0,85.7,1582.0,341.0,46.0,53.0,86.8,43.0,44.0,97.7,6.0,11.0,54.5,0,0.2,0.1,-0.2,1.0,14.0,1.0,0.0,5.0
Youssouf Sabaly,DF,Senegal,29,1993,4.0,189.0,219.0,86.3,2773.0,1012.0,108.0,112.0,96.4,60.0,73.0,82.2,11.0,20.0,55.0,0,0.7,0.7,-0.7,8.0,16.0,6.0,1.0,16.0
Youssoufa Moukoko,FW,Germany,18,2004,0.0,1.0,2.0,50.0,8.0,0.0,1.0,1.0,100.0,0.0,1.0,0.0,0.0,0.0,,0,0.0,0.0,0.0,0.0,0.0,0.0,0.0,0.0
Youstin Salas,DF,Costa Rica,26,1996,0.5,15.0,19.0,78.9,294.0,202.0,6.0,7.0,85.7,7.0,8.0,87.5,2.0,3.0,66.7,0,0.0,0.0,0.0,0.0,1.0,0.0,0.0,0.0
Yuki Soma,FW,Japan,25,1997,0.9,11.0,19.0,57.9,167.0,77.0,8.0,8.0,100.0,2.0,3.0,66.7,1.0,7.0,14.3,0,0.0,0.0,0.0,0.0,1.0,0.0,0.0,1.0
Yunus Musah,MF,United States,20,2002,3.8,151.0,182.0,83.0,2438.0,494.0,74.0,81.0,91.4,65.0,75.0,86.7,9.0,13.0,69.2,0,0.1,0.2,-0.1,3.0,10.0,5.0,0.0,13.0
Yuto Nagatomo,MF,Japan,36,1986,2.3,78.0,109.0,71.6,1171.0,383.0,51.0,57.0,89.5,22.0,31.0,71.0,3.0,14.0,21.4,0,0.1,0.1,-0.1,1.0,7.0,2.0,2.0,2.0
Zakaria Aboukhlal,FW,Morocco,22,2000,0.9,7.0,14.0,50.0,88.0,22.0,5.0,8.0,62.5,1.0,3.0,33.3,1.0,3.0,33.3,0,0.0,0.0,0.0,0.0,0.0,0.0,0.0,0.0
Álvaro Morata,FW,Spain,30,1992,2.1,28.0,41.0,68.3,551.0,64.0,8.0,10.0,80.0,15.0,23.0,65.2,4.0,6.0,66.7,1,0.2,0.1,0.8,2.0,3.0,1.0,0.0,3.0
Álvaro Zamora,MF,Costa Rica,20,2002,0.3,5.0,5.0,100.0,55.0,22.0,4.0,4.0,100.0,1.0,1.0,100.0,0.0,0.0,,0,0.0,0.0,0.0,0.0,1.0,0.0,0.0,1.0
Ángel Correa,MF,Argentina,27,1995,0.1,3.0,3.0,100.0,32.0,17.0,2.0,2.0,100.0,1.0,1.0,100.0,0.0,0.0,,0,0.0,0.0,0.0,0.0,0.0,0.0,0.0,0.0
Ángel Di María,MF,Argentina,34,1988,3.2,130.0,168.0,77.4,2080.0,480.0,73.0,77.0,94.8,43.0,53.0,81.1,10.0,23.0,43.5,1,0.6,0.7,0.4,10.0,3.0,11.0,3.0,17.0
Ángelo Preciado,DF,Ecuador,24,1998,2.9,94.0,129.0,72.9,1463.0,532.0,57.0,62.0,91.9,27.0,40.0,67.5,8.0,20.0,40.0,1,0.4,0.2,0.6,4.0,4.0,6.0,5.0,6.0
Éder Militão,DF,Brazil,24,1998,3.9,251.0,277.0,90.6,4346.0,1514.0,112.0,115.0,97.4,111.0,122.0,91.0,21.0,31.0,67.7,0,0.0,0.1,0.0,1.0,20.0,1.0,1.0,12.0
Óscar Duarte,DF,Costa Rica,33,1989,3.0,68.0,98.0,69.4,1500.0,529.0,18.0,22.0,81.8,38.0,45.0,84.4,11.0,27.0,40.7,0,0.3,0.0,-0.3,2.0,1.0,0.0,0.0,0.0
İlkay Gündoğan,MF,Germany,32,1990,2.1,150.0,168.0,89.3,2431.0,659.0,78.0,86.0,90.7,56.0,57.0,98.2,11.0,15.0,73.3,0,0.1,0.3,-0.1,1.0,18.0,4.0,0.0,15.0